run_id,run_name,created_at,state,cfg.data.norm_mode,cfg.data.n_windows,cfg.data.window_size_seconds,cfg.data.batch_size,cfg.loss.regularizer,cfg.loss.std_coeff,cfg.loss.cov_coeff,cfg.loss.use_projector,cfg.loss.pred_loss_type,cfg.model.encoder_depth,cfg.model.encoder_embed_dim,cfg.model.patch_size,cfg.model.predictor_depth,cfg.optim.lr,cfg.optim.epochs,cfg.optim.warmup_epochs,cfg.sanity_checks.enabled,cfg.logging.wandb_group,val/reg_position_in_movie_corr,val/reg_contrast_rms_corr,val/reg_luminance_mean_corr,val/reg_narrative_event_score_corr,val/reg_loss,sanity/embedding_variance_mean,sanity/embedding_variance_min,sanity/embedding_variance_max,sanity/embedding_variance_std,sanity/embedding_l2_mean,sanity/cosim_random_pairs_mean,sanity/cosim_random_pairs_max,sanity/loss_trend,sanity/loss_rolling_mean,sanity/pred_loss_short,sanity/pred_loss_long,sanity/grad_norm,sanity/linear_probe_acc,train_step/jepa_loss,train_step/vc_loss,train_step/pred_loss,train_step/reg_loss,train_step/cls_loss,val_corr_weighted
kmect0h2,eeg_jepa_bs32_lr0.0005_sigreg0.1_nw4_ws4s,2026-04-22T03:44:38Z,finished,per_recording,4,4,32,sigreg,1.0,1.0,True,smooth_l1,2,64,50,2,0.0005,100,5,True,sigreg_corrca_perrec,0.16166889667510986,0.08631433546543121,0.06717104464769363,-0.00393253518268466,0.8255208015441895,1.3990070819854736,0.04230125620961189,6.542736053466797,1.2747604846954346,6.719920635223389,0.07239048182964325,0.9959972500801086,0.06994127750396695,2.6955808091163633,19.80342674255371,16.9295597076416,0.2758396396462032,0.5728155374526978,2.9085395336151123,0.014545119367539884,2.8939943313598633,0.8824093341827393,0.6862814426422119,0.09415302951820194
b9ksb1k5,eeg_jepa_bs64_lr0.0005_sigreg0.1_nw2_ws1s,2026-04-22T03:44:22Z,finished,per_recording,2,1,64,sigreg,1.0,1.0,True,smooth_l1,2,64,50,2,0.0005,100,5,True,sigreg_corrca_perrec,0.08241099864244461,0.11760541051626204,0.08552315086126328,0.03206343948841095,0.8899993419647216,1.2043089866638184,0.13261927664279938,4.733661651611328,0.859627366065979,6.902376174926758,-0.024642175063490868,0.9364151358604432,0.1016361117362976,1.4760476458072662,6.333151817321777,5.345313549041748,0.1635215591162592,0.59375,1.667715549468994,0.008078289218246937,1.659637212753296,0.6647840738296509,0.6929196715354919,0.08886821195483206
vuclvj9l,eeg_jepa_bs64_lr0.0005_sigreg1.0_nw1_ws1s,2026-04-22T03:44:15Z,finished,per_recording,1,1,64,sigreg,1.0,1.0,True,smooth_l1,2,64,50,2,0.0005,100,5,True,sigreg_corrca_perrec,0.07274021953344345,0.045834627002477646,0.1339428424835205,-0.02730974741280079,0.969991374015808,0.6481060981750488,0.17834903299808502,1.7772701978683472,0.3147182762622833,6.0291266441345215,-0.019274357706308365,0.8737273216247559,0.1052691173553466,1.319904944896698,4.086965560913086,6.394694805145264,0.2816513677661378,0.5625,1.3492718935012815,0.0516962893307209,1.29757559299469,0.8510466814041138,0.6917750239372253,0.07302433196455241
0hnpzfry,eeg_jepa_bs32_lr0.0005_std0.1_cov0.1_noproj_nw4_ws4s,2026-04-21T15:21:16Z,finished,per_recording,4,4,32,vc,0.1,0.1,false,smooth_l1,2,64,50,2,0.0005,100,5,True,retrain_best_es20_perrec,0.11910060048103333,0.08370925486087799,0.06821607053279877,-0.0024865460582077503,0.8324829280376435,0.015971284359693527,0.0012453491799533367,0.0802653580904007,0.016481369733810425,2.6173033714294434,0.8808236718177795,0.9879380464553832,0.0013581788539886452,0.27785193085670473,0.6207765340805054,0.6200811266899109,0.04744937034317424,0.582524299621582,0.27491530776023865,0.0004401660989969969,0.2744751274585724,0.8795602917671204,0.6892576813697815,0.08105912315659225
p22ttnln,eeg_jepa_bs32_lr0.0005_std1.0_cov1.0_nw4_ws4s,2026-04-21T15:21:06Z,finished,per_recording,4,4,32,vc,1.0,1.0,True,smooth_l1,2,64,50,2,0.0005,100,5,True,retrain_best_es20_perrec,0.16143766045570374,0.09790192544460297,0.1566699892282486,0.02473043836653233,0.8967016339302063,0.0027118874713778496,0.000710799009539187,0.007781515829265118,0.0015376132214441895,1.782301902770996,0.946154236793518,0.9890815019607544,0.004262903034687043,0.14189613565802575,0.3324390947818756,0.31491678953170776,0.04013701568771737,0.4761904776096344,0.17976540327072144,0.03187931329011917,0.14788608253002167,0.7589876055717468,0.6896077990531921,0.12727591637521982
qouzn8sv,eeg_jepa_bs64_lr0.0005_std1.0_cov1.0_nw2_ws1s,2026-04-21T15:20:48Z,finished,per_recording,2,1,64,vc,1.0,1.0,True,smooth_l1,2,64,50,2,0.0005,100,5,True,retrain_best_es20_perrec,0.05889624357223511,0.03357456997036934,-0.030531546100974083,0.04843832924962044,0.978457260131836,0.012224758043885233,0.0037620870862156153,0.046574342995882034,0.007447137497365475,3.844944477081299,0.9537015557289124,0.9917383193969728,-0.0013362121582031206,0.1481407728791237,0.2959359884262085,0.3064320385456085,0.053671970929821775,0.5625,0.2149469554424286,0.06437914073467255,0.15056781470775604,0.8656245470046997,0.69307941198349,0.023425613157451154
esbabspo,eeg_jepa_bs32_lr0.0005_std0.1_cov0.1_nw4_ws4s,2026-04-21T15:20:44Z,finished,per_recording,4,4,32,vc,0.1,0.1,True,smooth_l1,2,64,50,2,0.0005,100,5,True,retrain_best_es20_perrec,0.02935863845050335,0.009769544936716557,0.03485677018761635,0.015914123505353928,0.9099136114120484,0.0035095103085041046,0.0005428952863439918,0.012195495888590813,0.002578982850536704,3.306670665740967,0.9808104038238524,0.9966951608657836,0.0027871872484683813,0.1387858559936285,0.328897625207901,0.3088970184326172,0.04557224946746789,0.4642857313156128,0.14798866212368011,0.003527014749124646,0.14446164667606354,0.7612929940223694,0.6922782063484192,0.02378689842298627
k3n7euhx,eeg_jepa_bs64_lr0.0005_sigreg0.1_nw2_ws1s,2026-04-21T15:20:33Z,finished,per_recording,2,1,64,sigreg,1.0,1.0,True,smooth_l1,2,64,50,2,0.0005,100,5,True,retrain_best_es20_perrec,0.1103876382112503,0.1153123304247856,0.15075355768203735,-0.1268906593322754,0.8732062935829162,0.8270605802536011,0.03316871449351311,4.5305399894714355,0.6621217727661133,6.682021617889404,-0.0006442926824092865,0.9553014636039734,0.04242049604654313,0.24507290109992028,0.4460214674472809,0.43998634815216064,0.10777690321568452,0.625,0.3061871826648712,0.009301664307713509,0.29688552021980286,0.6641057133674622,0.6931509375572205,0.10024699196219443
1j87769w,eeg_jepa_bs32_lr0.0005_sigreg0.1_nw4_ws4s,2026-04-21T15:20:33Z,finished,per_recording,4,4,32,sigreg,1.0,1.0,True,smooth_l1,2,64,50,2,0.0005,100,5,True,retrain_best_es20_perrec,0.1224355250597,0.10171328485012054,0.17075307667255402,0.03485218062996864,0.8138209640979767,0.697734534740448,0.007785523775964975,2.7153005599975586,0.6510772109031677,5.5146870613098145,0.07704246789216995,0.9972811341285706,0.04726061522960667,0.3945077136158943,0.8889350295066833,0.8839920163154602,0.18178026684810697,0.6071428656578064,0.4994972050189972,0.02310517430305481,0.4763920307159424,0.8136993646621704,0.6897003054618835,0.12195578403770924
uasg2s9a,eeg_jepa_bs64_lr0.0005_sigreg1.0_nw1_ws1s,2026-04-21T15:19:36Z,finished,per_recording,1,1,64,sigreg,1.0,1.0,True,smooth_l1,2,64,50,2,0.0005,100,5,True,retrain_best_es20_perrec,0.08516369760036469,0.07024795562028885,0.12747567892074585,-0.038313571363687515,0.9685712933540344,0.9754579663276672,0.1847584843635559,3.0421948432922363,0.5837389230728149,7.330028533935547,0.04399557411670685,0.96206396818161,0.03746056944131851,0.26819151267409325,0.5185936093330383,0.5078662633895874,0.45293298819278394,0.59375,0.39591604471206665,0.07155318558216095,0.3243628442287445,0.8639388084411621,0.6932689547538757,0.08103484250605106
uv9lgn50,eeg_jepa_bs32_lr0.0005_std0.1_cov0.1_noproj_nw4_ws4s,2026-04-21T11:14:20Z,finished,global,4,4,32,vc,0.1,0.1,false,smooth_l1,2,64,50,2,0.0005,100,5,True,retrain_best_es20,0.050600796937942505,0.08414062112569809,0.05650907009840011,0.001103478716686368,0.8180621504783631,0.006829593330621719,0.00011552350042620674,0.03700203076004982,0.008166652172803879,1.6755354404449463,0.873521089553833,0.9999949932098388,-0.001641153702512381,0.03605516165029257,0.054102785885334015,0.0520566925406456,0.05724600322475052,0.5048543810844421,0.04278969019651413,0.0016189937014132738,0.041170697659254074,0.8851346969604492,0.6906766295433044,0.05748549432028084
5ssmveqg,eeg_jepa_bs32_lr0.0005_std0.1_cov0.1_nw4_ws4s,2026-04-21T11:14:18Z,finished,global,4,4,32,vc,0.1,0.1,True,smooth_l1,2,64,50,2,0.0005,100,5,True,retrain_best_es20,0.056225307285785675,-0.0059277513064444065,0.05496930330991745,0.016970571130514145,0.9087380290031432,0.009732384234666824,0.00011654821719275787,0.04135781154036522,0.01075902208685875,4.194610595703125,0.9660549759864808,0.9999997615814208,0.002297771405428653,0.054444418689236045,0.2824972867965698,0.17655202746391296,0.049820721821171816,0.4642857313156128,0.029962878674268723,0.0048494222573935986,0.025113455951213837,0.7619694471359253,0.6922105550765991,0.033277114899829034
0t2p1vbl,eeg_jepa_bs32_lr0.0005_std1.0_cov1.0_nw4_ws4s,2026-04-21T11:11:27Z,finished,global,4,4,32,vc,1.0,1.0,True,smooth_l1,2,64,50,2,0.0005,100,5,True,retrain_best_es20,0.05811760202050209,0.03047849051654339,0.08464793115854263,0.01759704016149044,0.9088295757770538,0.017577148973941803,0.00015229845303110778,0.10170122981071472,0.021635806187987328,2.108593225479126,0.8129749298095703,0.9999984502792358,0.0014771198108792308,0.06172889580950141,0.3243991732597351,0.2078341543674469,0.08590762834572173,0.4761904776096344,0.07751216739416122,0.04495898261666298,0.032553184777498245,0.758819043636322,0.6916861534118652,0.05373291112482548
v3cdtl71,eeg_jepa_bs64_lr0.0005_std1.0_cov1.0_nw2_ws1s,2026-04-21T11:08:19Z,finished,global,2,1,64,vc,1.0,1.0,True,smooth_l1,2,64,50,2,0.0005,100,5,True,retrain_best_es20,0.011333012953400612,0.02273336797952652,-0.07347896695137024,0.012230291031301022,0.9787734985351564,0.07680836319923401,0.00038041939842514694,0.29918259382247925,0.0807492583990097,4.151923179626465,0.9760817885398864,0.9999967217445374,-0.006195563264191156,0.04743331437930465,0.34291768074035645,0.395365834236145,0.12888206010979084,0.546875,0.13827870786190033,0.08359380066394806,0.05468491092324257,0.8660532832145691,0.6935166120529175,-0.010600746702402832
u6bt9yse,eeg_jepa_bs64_lr0.0005_sigreg0.1_nw2_ws1s,2026-04-21T11:07:45Z,finished,global,2,1,64,sigreg,1.0,1.0,True,smooth_l1,2,64,50,2,0.0005,100,5,True,retrain_best_es20,-0.003818017663434148,0.07469199597835541,0.042768314480781555,-0.018660888075828552,0.8788429379463196,0.9290350675582886,0.01295993011444807,4.788595199584961,0.9467836618423462,6.601302146911621,0.0383886955678463,0.9999791383743286,-0.005088849440217022,0.07414247233420611,0.3384767472743988,0.1282176673412323,0.05926521905588651,0.59375,0.1664261668920517,0.013207733631134031,0.15321843326091766,0.6624729633331299,0.6929883360862732,0.03222659903112799
rgxqo93q,eeg_jepa_bs32_lr0.0005_sigreg0.1_nw4_ws4s,2026-04-21T11:07:45Z,finished,global,4,4,32,sigreg,1.0,1.0,True,smooth_l1,2,64,50,2,0.0005,100,5,True,retrain_best_es20,0.011083475314080715,0.018278753384947777,-0.006595266051590443,-0.02062106691300869,0.8189334571361542,1.1889448165893557,0.12038189172744752,5.8507208824157715,1.21632719039917,8.356361389160156,0.1236177310347557,0.9999120235443116,0.003060110509395586,0.22544744864106175,0.47991615533828735,0.4530096054077149,0.5696491340392409,0.5436893105506897,0.24345947802066803,0.009496035054326056,0.23396344482898712,0.8863127827644348,0.6913354396820068,0.004767982102930544
kwyan6qn,eeg_jepa_bs64_lr0.0005_sigreg1.0_nw1_ws1s,2026-04-21T11:06:21Z,finished,global,1,1,64,sigreg,1.0,1.0,True,smooth_l1,2,64,50,2,0.0005,100,5,True,retrain_best_es20,0.07758914679288864,0.013305251486599444,0.04438476637005806,-0.14115861058235168,0.9736194491386414,1.419567584991455,0.06618151813745499,3.849820852279663,0.9286990761756896,7.898425579071045,0.12760290503501892,0.9952372312545776,0.022315041869878777,0.12129167541861534,0.3048272132873535,0.5762400031089783,0.9265324515729912,0.59375,0.23035776615142825,0.07802586257457733,0.1523319035768509,0.8641102313995361,0.6921471953392029,0.02646788833662867
9sne8i4y,eeg_jepa_bs64_lr0.0005_std0.25_cov0.25_noproj_nw1_ws1s,2026-04-14T15:04:18Z,finished,global,1,1,64,vc,0.25,0.25,false,smooth_l1,2,64,50,2,0.0005,100,5,True,sweep_vicreg,0.06528966873884201,-0.014536027796566486,0.07236086577177048,0.07428542524576187,0.999954104423523,0.10094544291496275,0.0015503456816077232,0.8065787553787231,0.15473465621471405,2.4522910118103027,0.9271079301834106,0.9999691247940063,0.0021518983133137284,0.0327181641664356,0.20225940644741056,0.15638452768325806,0.1160026173160397,0.485436886548996,0.05060666054487229,0.0065080756321549416,0.04409858584403992,0.9508681893348694,0.6931818723678589,0.044362894538789985
uoaohykt,eeg_jepa_bs64_lr0.0005_std0.1_cov0.1_noproj_nw2_ws1s,2026-04-14T15:03:45Z,finished,global,2,1,64,vc,0.1,0.1,false,smooth_l1,2,64,50,2,0.0005,100,5,True,sweep_vicreg,0.00023171602515503764,0.012619241140782831,-0.008943658322095871,0.03106003813445568,0.9938195586204528,0.017721377313137054,0.0008356300531886518,0.1100541651248932,0.02040828950703144,2.3397274017333984,0.9440977573394777,0.9999948740005492,-0.001477833539247509,0.030567993707954884,0.11019892990589142,0.1397244781255722,0.0490690944839617,0.49514564871788025,0.043546926230192184,0.003110460005700588,0.04043646529316902,0.8293556571006775,0.6931970715522766,0.004278193466598168
mw26p7qe,eeg_jepa_bs64_lr0.0005_std0.25_cov0.25_nw1_ws1s,2026-04-14T13:38:06Z,finished,global,1,1,64,vc,0.25,0.25,true,smooth_l1,2,64,50,2,0.0005,100,5,True,sweep_vicreg,0.012870964594185352,-0.01643764227628708,-0.02978246659040451,-0.007292772643268108,1.0760617971420288,0.02888347953557968,0.0027292449958622456,0.12461938709020616,0.025553017854690552,3.796907424926758,0.8849464654922485,0.9999729990959167,-0.0040536093711852905,0.06908075451850891,0.2610263228416443,0.3505638539791107,0.06865738892372662,0.3883495330810547,0.050806473940610886,0.014351132325828075,0.03645534068346024,1.382676124572754,0.6937447190284729,-0.010734020546078683
ttvsebii,eeg_jepa_bs64_lr0.0005_std0.1_cov0.1_nw1_ws1s,2026-04-14T13:29:01Z,finished,global,1,1,64,vc,0.1,0.1,true,smooth_l1,2,64,50,2,0.0005,100,5,True,sweep_vicreg,0.01611948572099209,-0.031433407217264175,-0.03474300354719162,-0.00442555733025074,1.075148916244507,0.025577455759048465,0.0008326894603669643,0.11077553033828735,0.022060342133045197,4.978700637817383,0.9393319487571716,0.9999947547912598,-0.00415250971913337,0.06410249475389719,0.27575719356536865,0.3615151047706604,0.06322913813487244,0.4466019570827484,0.037388235330581665,0.006226311903446913,0.031161922961473465,1.3838077783584597,0.6939107775688171,-0.015459633246064185
6a2sungv,eeg_jepa_bs32_lr0.0005_std0.25_cov0.25_noproj_nw4_ws4s,2026-04-14T04:00:34Z,finished,,4,4,32,vc,0.25,0.25,false,smooth_l1,2,64,50,2,0.0005,100,5,True,sweep_vicreg,0.0697861909866333,0.0717029869556427,0.06595347821712494,0.012158097699284554,0.8905064404010773,0.06681662797927856,0.0023944666609168053,0.3069232106208801,0.0656982883810997,2.481685161590576,0.7533513307571411,0.99999737739563,0.0014917581900954285,0.03699825493618846,0.1157047152519226,0.1111539974808693,0.05745199741989573,0.5145630836486816,0.026630636304616928,0.0021978518925607204,0.02443278394639492,0.762306809425354,0.692582905292511,0.06344860661774873
2eti2yp8,eeg_jepa_bs32_lr0.0005_std1.0_cov1.0_noproj_nw4_ws4s,2026-04-13T20:04:08Z,finished,,4,4,32,vc,1.0,1.0,false,smooth_l1,2,64,50,2,0.0005,100,5,True,sweep_vicreg,0.05633091181516647,0.07080523669719696,0.06288919597864151,-0.007113517262041569,0.8909162521362305,0.03716430440545082,0.0003879664291162044,0.19929419457912445,0.04070806875824928,2.098690986633301,0.8449149131774902,0.999997615814209,0.0011507755704224104,0.032758235717192295,0.1016329824924469,0.09888415038585664,0.07230742573689218,0.49514564871788025,0.028885770589113235,0.007014123722910881,0.02187164686620235,0.7612513899803162,0.6925320029258728,0.056296251621097325
o0t5ti6r,eeg_jepa_bs32_lr0.0005_std0.1_cov0.1_noproj_nw4_ws4s,2026-04-13T19:58:46Z,finished,,4,4,32,vc,0.1,0.1,false,smooth_l1,2,64,50,2,0.0005,100,5,True,sweep_vicreg,0.0784045159816742,0.06127177178859711,0.06469754129648209,0.000540433800779283,0.8907364487648011,0.10383601486682892,0.0035834843292832375,0.3685843348503113,0.0894002839922905,2.9704582691192627,0.7653287053108215,0.9999970197677612,0.0016713741049170503,0.03983759418129921,0.1241610422730446,0.1218828409910202,0.055689696475348195,0.5145630836486816,0.027254967018961903,0.0011206212220713496,0.026134345680475235,0.7616941332817078,0.6926291584968567,0.06136619210010394
k0gocmld,eeg_jepa_bs64_lr0.0005_std0.25_cov0.25_noproj_nw2_ws1s,2026-04-13T19:58:44Z,finished,,2,1,64,vc,0.25,0.25,false,smooth_l1,2,64,50,2,0.0005,100,5,True,sweep_vicreg,0.029985476285219193,0.0194952841848135,-0.04537190496921539,-0.08133506774902344,1.036326992511749,0.03912873566150665,0.00035886457771994174,0.31749263405799866,0.052155476063489914,2.271500825881958,0.8834076523780823,0.9999878406524658,0.0012292883545160296,0.03357990320771933,0.12418922781944276,0.1281503438949585,0.06000592105900445,0.4660194218158722,0.021380826830863953,0.0057692090049386024,0.015611618757247925,0.7428667545318604,0.6929868459701538,-0.006900850124657154
15uvnw8v,eeg_jepa_bs64_lr0.0005_std1.0_cov1.0_noproj_nw2_ws1s,2026-04-13T19:58:35Z,finished,,2,1,64,vc,1.0,1.0,false,smooth_l1,2,64,50,2,0.0005,100,5,True,sweep_vicreg,0.026724107563495636,0.02503352053463459,-0.02735627256333828,-0.06931805610656738,1.0362605690956117,0.027033330872654915,0.0011842878302559257,0.1734631210565567,0.0281915795058012,2.022357940673828,0.8831075429916382,0.999983847141266,0.001038819923996924,0.03314520049840212,0.11302540451288225,0.11655797809362411,0.1789697231790703,0.4660194218158722,0.03716832399368286,0.02103836089372635,0.016129961237311363,0.7428554892539978,0.6929686665534973,0.0003886010497808458
5aogf3q5,eeg_jepa_bs64_lr0.0005_std1.0_cov1.0_noproj_nw1_ws1s,2026-04-13T19:58:21Z,finished,,1,1,64,vc,1.0,1.0,false,smooth_l1,2,64,50,2,0.0005,100,5,True,sweep_vicreg,-0.18680457770824432,-0.0679192841053009,-0.02795593813061714,0.0409836582839489,0.9816365242004396,0.024589652195572853,0.0026484441477805376,0.10289185494184494,0.01932761073112488,2.3317313194274902,0.8490750789642334,0.9999542832374572,-0.0009393440559506416,0.04124690620228648,0.24356448650360107,0.2078644782304764,0.2689925651048144,0.5631067752838135,0.0492476224899292,0.025119056925177578,0.024128563702106476,1.0544029474258425,0.6929956078529358,-0.08070557415485383
o7ccp0vm,eeg_jepa_bs64_lr0.0005_std0.1_cov0.1_nw2_ws1s,2026-04-13T19:57:52Z,finished,,2,1,64,vc,0.1,0.1,false,smooth_l1,2,64,50,2,0.0005,100,5,True,sweep_vicreg,0.05706965923309326,-0.006798930000513792,-0.05749015882611275,0.000908976886421442,1.0991427898406982,0.002649314468726516,0.000272139412118122,0.009380758740007876,0.0022086892277002335,5.047255516052246,0.9940255880355836,0.9999996423721312,-0.003868717327713968,0.05908985264599323,0.13911810517311096,0.13178499042987823,0.03863093333761312,0.4757281541824341,0.053481921553611755,0.005189265124499798,0.04829265549778938,1.0866652727127075,0.6928794384002686,-0.002074931189417838
hlcrv0lf,eeg_jepa_bs64_lr0.0005_std0.1_cov0.1_noproj_nw1_ws1s,2026-04-13T19:57:46Z,finished,,1,1,64,vc,0.1,0.1,false,smooth_l1,2,64,50,2,0.0005,100,5,True,sweep_vicreg,-0.14266054332256317,-0.12560267746448517,-0.015492883510887625,0.0787234902381897,0.9824381709098816,0.05779722332954407,0.0030487373005598783,0.28962165117263794,0.05655072256922722,2.68923020362854,0.808280885219574,0.9999178647994996,-0.000953078493475909,0.03780492454767227,0.2642832398414612,0.23428943753242493,0.06570927794171648,0.553398072719574,0.022328121587634087,0.0030030461493879557,0.019325075671076775,1.05537211894989,0.6930575370788574,-0.07725448226556181
92m3k1qz,eeg_jepa_bs64_lr0.0005_std0.25_cov0.25_nw1_ws1s,2026-04-13T19:57:34Z,finished,,1,1,64,vc,0.25,0.25,false,smooth_l1,2,64,50,2,0.0005,100,5,True,sweep_vicreg,-0.009481534361839294,-0.05095454305410385,0.043563179671764374,-0.0561283640563488,0.8831574320793152,0.01847064308822155,0.0012099541490897536,0.11272360384464264,0.01751856692135334,3.6247591972351074,0.9289501905441284,0.9999827146530152,-0.006648211032152185,0.07333284057676792,0.094378262758255,0.13205721974372864,0.0693847567068414,0.5145630836486816,0.06993778049945831,0.01347298827022314,0.0564647912979126,1.1379743814468384,0.6934473514556885,-0.010674705728888512
hau5ymy6,eeg_jepa_bs32_lr0.0005_std0.1_cov0.1_nw4_ws4s,2026-04-13T01:47:04Z,finished,,4,4,32,vc,0.1,0.1,false,smooth_l1,2,64,50,2,0.0005,100,5,True,sweep_vicreg,-0.005283289588987827,-0.00312014389783144,-0.004351845011115074,-0.05431262776255608,0.9110600113868712,0.1027531698346138,0.0009191347053274512,0.43609926104545593,0.10741493850946426,5.832623481750488,0.8217738270759583,0.999997615814209,0.000920304395258434,0.0673732222430408,0.23546123504638672,0.25175976753234863,0.030200289584202167,0.582524299621582,0.025708891451358795,0.003611118765547872,0.022097771987318993,0.8380696773529053,0.6938477754592896,-0.00925784632563591
94gmwdmh,eeg_jepa_bs32_lr0.0005_std0.25_cov0.25_nw4_ws4s,2026-04-13T01:43:24Z,finished,,4,4,32,vc,0.25,0.25,false,smooth_l1,2,64,50,2,0.0005,100,5,True,sweep_vicreg,0.008567476645112038,0.03063688613474369,0.006881017237901688,-0.046977318823337555,0.9105331808328628,0.06626465916633606,0.00013778202992398292,0.3225306272506714,0.06924973428249359,3.629946231842041,0.7511657476425171,0.9999958872795104,0.0003087823465466599,0.07207519335672259,0.2466932088136673,0.2661029100418091,0.031614911649457095,0.5242718458175659,0.031989388167858124,0.00795045681297779,0.024038931354880333,0.8385286331176758,0.693993091583252,0.00912788212299347
5d9l02gt,eeg_jepa_bs32_lr0.0005_std1.0_cov1.0_nw4_ws4s,2026-04-13T01:42:04Z,finished,,4,4,32,vc,1.0,1.0,false,smooth_l1,2,64,50,2,0.0005,100,5,True,sweep_vicreg,0.022761844098567963,0.058579221367836,0.03409783914685249,-0.04218434169888496,0.9095780730247498,0.010154972784221172,9.032652451423928e-05,0.06436461955308914,0.011637920513749124,1.8622589111328125,0.867067813873291,0.9999916553497314,0.00014047808945177875,0.07732356306165457,0.26036709547042847,0.2815333902835846,0.03856574558821229,0.5242718458175659,0.055033765733242035,0.029328705742955208,0.025705059990286827,0.8389543294906616,0.6942819952964783,0.03041323721408844
kdd71fdx,eeg_jepa_bs32_lr0.0005_std0.1_cov0.1_nw4_ws4s,2026-04-12T17:42:22Z,finished,,4,4,32,vc,0.1,0.1,true,smooth_l1,2,64,50,2,0.0005,100,5,True,sweep_vicreg,-0.006691912654787302,-0.0038418443873524666,-0.0031690415926277637,-0.0452318973839283,0.9110126823186876,0.10137245059013368,0.0010060644708573818,0.4253354966640472,0.1055249348282814,5.761660575866699,0.820795476436615,0.999997615814209,0.00092517811805011,0.0674530448950827,0.23552365601062775,0.25179699063301086,0.0302559779778114,0.5922330021858215,0.025661563500761982,0.003610070561990142,0.0220514927059412,0.8379190564155579,0.6938517689704895,-0.008634029328823088
sk0qnzwd,eeg_jepa_bs32_lr0.0005_std0.25_cov0.25_nw4_ws4s,2026-04-12T17:42:16Z,finished,,4,4,32,vc,0.25,0.25,true,smooth_l1,2,64,50,2,0.0005,100,5,True,sweep_vicreg,0.01195702701807022,0.03753319010138512,0.006370113231241703,-0.04770965501666069,0.9104142725467682,0.06608901917934418,0.00014260088209994137,0.32257187366485596,0.06920572370290756,3.6049513816833496,0.7493162155151367,0.9999959468841552,0.0003039740771055288,0.07199993256479502,0.2468794584274292,0.26619601249694824,0.03170376075899901,0.5339806079864502,0.031964920461177826,0.00794790405780077,0.02401701547205448,0.8385541439056396,0.6941975355148315,0.011987133603543042
udzfafy1,eeg_jepa_bs64_lr0.0005_std0.25_cov0.25_nw2_ws1s,2026-04-12T17:42:14Z,finished,,2,1,64,vc,0.25,0.25,true,smooth_l1,2,64,50,2,0.0005,100,5,True,sweep_vicreg,0.05110127478837967,-0.007737458683550358,-0.05171849951148033,-0.002655759919434786,1.0992400169372558,0.0027524102479219437,0.00029753605485893786,0.010312793776392937,0.0021477167028933764,3.618629217147827,0.9870662689208984,0.9999991655349731,-0.004037576466798788,0.06200450163334608,0.14635588228702545,0.14123938977718353,0.04622066684973306,0.4660194218158722,0.06216145306825638,0.01201201882213354,0.05014943331480026,1.0856950283050537,0.6929739117622375,-0.0027719810139387848
c4wytvr2,eeg_jepa_bs32_lr0.0005_std1.0_cov1.0_nw4_ws4s,2026-04-12T17:41:57Z,finished,,4,4,32,vc,1.0,1.0,true,smooth_l1,2,64,50,2,0.0005,100,5,True,sweep_vicreg,0.023514775559306145,0.05781860277056694,0.03396546095609665,-0.04218854382634163,0.9095963448286056,0.010048940777778624,9.2495305580087e-05,0.06578804552555084,0.011737562716007233,1.8605124950408936,0.8670421242713928,0.9999920725822448,0.0001290868222713487,0.07725629903376102,0.2602185308933258,0.28150224685668945,0.03760154567848773,0.5339806079864502,0.05498109757900238,0.02930275909602642,0.02567833848297596,0.8390006422996521,0.6943480968475342,0.030370797403156756
otti401s,eeg_jepa_bs64_lr0.0005_std0.1_cov0.1_nw2_ws1s,2026-04-12T17:41:47Z,finished,,2,1,64,vc,0.1,0.1,false,smooth_l1,2,64,50,2,0.0005,100,5,True,sweep_vicreg,0.06165776774287224,-0.004032969940453768,-0.05242704227566719,-0.0002754196466412395,1.0990582227706909,0.002637138357385993,0.00025155761977657676,0.009491929784417152,0.002212923020124435,5.027921676635742,0.9940066337585448,0.9999997615814208,-0.0038640224188566177,0.0590603731200099,0.13909053802490234,0.13171054422855377,0.03823999420223883,0.4757281541824341,0.053434230387210846,0.005184732843190432,0.0482494980096817,1.086776852607727,0.6929726600646973,0.00153178469336126
gkh1beff,eeg_jepa_bs64_lr0.0005_std0.1_cov0.1_nw2_ws1s,2026-04-12T17:41:47Z,finished,,2,1,64,vc,0.1,0.1,true,smooth_l1,2,64,50,2,0.0005,100,5,True,sweep_vicreg,0.061804331839084625,-0.0030631988774985075,-0.05611897259950638,-0.00511004775762558,1.099100422859192,0.002646256238222122,0.00027751343441195786,0.009462466463446615,0.002221091417595744,5.042316913604736,0.9940266609191896,0.9999996423721312,-0.00386445939540863,0.05904499340802431,0.13899032771587372,0.1316327154636383,0.03829350117861761,0.4757281541824341,0.053447481244802475,0.0051892464980483055,0.048258233815431595,1.0868409872055054,0.6929417252540588,0.0002756433328613652
x1oyx3w1,eeg_jepa_bs64_lr0.0005_std0.25_cov0.25_nw2_ws1s,2026-04-12T17:41:40Z,finished,,2,1,64,vc,0.25,0.25,false,smooth_l1,2,64,50,2,0.0005,100,5,True,sweep_vicreg,0.04969429224729538,-0.011167895048856735,-0.052428919821977615,-0.0006012640660628676,1.0992430567741394,0.00275550433434546,0.00030669744592159986,0.010067582130432127,0.002154027111828327,3.622072219848633,0.9870682954788208,0.9999991655349731,-0.0040388253331184315,0.06202988557517528,0.1465515494346619,0.14140957593917847,0.04625102341302846,0.4660194218158722,0.06218556687235832,0.012021145783364773,0.050164420157670975,1.0854854583740234,0.6929944753646851,-0.004230883193667978
u4w6raqy,eeg_jepa_bs64_lr0.0005_std1.0_cov1.0_nw1_ws1s,2026-04-12T17:41:33Z,finished,,1,1,64,vc,1.0,1.0,false,smooth_l1,2,64,50,2,0.0005,100,5,True,sweep_vicreg,-0.010453266091644764,-0.044353265315294266,0.0528414249420166,-0.08126965910196304,0.8830820083618164,0.020936518907546997,0.0011903351405635476,0.08602303266525269,0.01828604936599731,2.8850879669189453,0.8919290900230408,0.999969244003296,-0.006322906836867329,0.07645556930452585,0.10349791496992113,0.1394808292388916,0.08591401379193021,0.5339806079864502,0.11038585007190704,0.050354134291410446,0.0600317157804966,1.139128804206848,0.6933349370956421,-0.008716497849673035
3xc5f45f,eeg_jepa_bs64_lr0.0005_std1.0_cov1.0_nw2_ws1s,2026-04-12T17:41:31Z,finished,,2,1,64,vc,1.0,1.0,false,smooth_l1,2,64,50,2,0.0005,100,5,True,sweep_vicreg,0.0396617166697979,-0.008238795213401318,-0.04202109947800636,-0.01327714417129755,1.099429392814636,0.00374658964574337,0.00040637084748595953,0.01650226302444935,0.0032653617672622204,2.578273296356201,0.9730030298233032,0.9999980926513672,-0.0041285996511578466,0.06465930281206965,0.1542510986328125,0.15039512515068054,0.07231810658530019,0.49514564871788025,0.0979204848408699,0.045309387147426605,0.0526110976934433,1.0797204971313477,0.6926828026771545,-0.00450716782361269
dls9s2fd,eeg_jepa_bs64_lr0.0005_std0.25_cov0.25_nw1_ws1s,2026-04-12T17:41:29Z,finished,,1,1,64,vc,0.25,0.25,false,smooth_l1,2,64,50,2,0.0005,100,5,True,sweep_vicreg,-0.01533664669841528,-0.05101623386144638,0.04546697437763214,-0.05286585912108421,0.8831617116928101,0.018438197672367096,0.0011342476354911923,0.11377037316560744,0.01754811406135559,3.6257681846618657,0.9291336536407472,0.9999828338623048,-0.006642086468636982,0.07325687697157264,0.09414353966712952,0.13192561268806458,0.07041011418193187,0.5145630836486816,0.06988087296485901,0.013458142057061195,0.056422729045152664,1.1377488374710083,0.6935169696807861,-0.011552357766777276
h0emfksh,eeg_jepa_bs64_lr0.0005_std0.1_cov0.1_nw1_ws1s,2026-04-12T17:41:13Z,finished,,1,1,64,vc,0.1,0.1,false,smooth_l1,2,64,50,2,0.0005,100,5,True,sweep_vicreg,0.031031640246510506,0.006937878206372261,0.03241504728794098,-0.04074202477931976,0.8832347393035889,0.2258157879114151,0.004267991054803133,1.0971463918685913,0.26465460658073425,11.410914421081545,0.9478541612625122,0.9999998211860656,-0.016538533046841636,0.14838486541062593,0.3445620536804199,0.5916558504104614,0.0718700156166145,0.4466019570827484,0.14264482259750366,0.04254215955734253,0.10010267049074172,1.1425806283950806,0.694250226020813,0.017041167244315147
0mabhigj,eeg_jepa_bs32_lr0.0005_sigreg1.0_nw4_ws4s,2026-04-11T05:22:50Z,finished,,4,4,32,sigreg,1.0,1.0,,smooth_l1,2,64,50,2,0.0005,100,5,True,sweep_sigreg,0.1743437498807907,0.1410672813653946,0.15889562666416168,0.04028596356511116,0.8631756097078324,1.0829622745513916,0.20496176183223724,2.1724257469177246,0.45286306738853455,8.087501525878906,0.06273703277111053,0.990282952785492,-0.0006460393965244671,0.34911943428218367,1.5048907995224,1.195710301399231,0.7045387727837766,0.6504854559898376,0.6009459495544434,0.051198750734329224,0.5497471690177917,0.7654721736907959,0.6906971335411072,0.14632059372961523
ll9q3pcp,eeg_jepa_bs32_lr0.0005_sigreg0.1_nw4_ws4s,2026-04-11T05:17:33Z,finished,,4,4,32,sigreg,1.0,1.0,,smooth_l1,2,64,50,2,0.0005,100,5,True,sweep_sigreg,-0.03095073066651821,-0.011964784935116768,-0.034486737102270126,0.008517458103597164,0.9320000529289244,1.209639310836792,0.1703716665506363,4.088446140289307,0.7976062893867493,7.652010440826416,0.01736413687467575,0.999893307685852,0.014886759072542166,0.18862668864428997,0.310314804315567,0.5861138701438904,0.1843334249479074,0.6116504669189453,0.07795903831720352,0.00921464804559946,0.06874439120292664,1.0903115272521973,0.6949647068977356,-0.02236893000081181
cspnjypa,eeg_jepa_bs32_lr0.0005_sigreg0.1_nw4_ws4s,2026-04-11T05:15:15Z,finished,,4,4,32,sigreg,1.0,1.0,,smooth_l1,2,64,50,2,0.0005,100,5,True,sweep_sigreg,0.0784107893705368,0.06917661428451538,0.06886705756187439,-0.05440732091665268,0.8890810549259186,3.2238516807556152,0.2711443603038788,17.677797317504883,3.3622043132781982,9.406055450439451,0.00829307921230793,0.9999949932098388,0.0189894650876522,0.2660904385894537,1.8096617460250857,1.7211092710494995,0.2367441497286782,0.5242718458175659,0.223000168800354,0.01045246608555317,0.212547704577446,0.7500470280647278,0.6908246278762817,0.05949560627341271
4ib4563d,eeg_jepa_bs32_lr0.0005_sigreg0.01_nw4_ws4s,2026-04-11T05:09:42Z,finished,,4,4,32,sigreg,1.0,1.0,,smooth_l1,2,64,50,2,0.0005,100,5,True,sweep_sigreg,0.11399070173501968,0.08317017555236816,0.08983181416988373,-0.03893609344959259,0.8688378751277923,1.3890135288238523,0.01001256424933672,5.1713409423828125,1.1123533248901367,8.868780136108398,0.04948029667139053,0.9998221397399902,0.0022953087091445723,0.4384744825959206,2.5695643424987793,2.2483232021331787,0.4140614712620644,0.6019417643547058,0.5528395175933838,0.0014808475971221924,0.551358699798584,0.7635238170623779,0.6930697560310364,0.08220419809222221
cguzxev0,eeg_jepa_bs32_lr0.0005_sigreg0.1_nw4_ws4s,2026-04-10T21:17:21Z,finished,,4,4,32,sigreg,1.0,1.0,,smooth_l1,2,64,50,2,0.0005,100,5,True,sweep_sigreg,0.11210640519857408,0.10651040822267532,0.09674923866987228,-0.006849692203104496,0.867328655719757,0.9832032918930054,0.16298973560333252,2.950275182723999,0.6108495593070984,7.475350856781006,0.08192751556634903,0.9981105923652648,0.00237440168857575,0.2377094516158104,0.8715957403182983,0.7027492523193359,0.36648975260506833,0.6504854559898376,0.4307363033294678,0.007641489151865244,0.4230948090553284,0.7595946788787842,0.6906521320343018,0.09392484640702607
o6nqczmd,eeg_jepa_bs32_lr0.0005_sigreg1.0_nw4_ws4s,2026-04-10T21:17:07Z,finished,,4,4,32,sigreg,1.0,1.0,,smooth_l1,2,64,50,2,0.0005,100,5,True,sweep_sigreg,0.06618094444274902,0.06395386159420013,0.031094664707779884,-0.034128788858652115,0.8902343869209289,3.277770519256592,0.26312828063964844,13.987262725830078,2.820931911468506,9.527381896972656,0.02906162664294243,0.9998878240585328,0.009726859331130988,0.2782512933015823,1.8076603412628176,1.5613783597946167,0.7102054353956039,0.5728155374526978,0.2986002266407013,0.06256820261478424,0.23603202402591705,0.7461962103843689,0.6896514892578125,0.04495596233755351
xffyz1mp,eeg_jepa_bs32_lr0.0005_sigreg1.0_nw4_ws4s,2026-04-10T21:17:02Z,finished,,4,4,32,sigreg,1.0,1.0,,smooth_l1,2,64,50,2,0.0005,100,5,True,sweep_sigreg,-0.04294171556830406,-0.006706171203404665,-0.03175632283091545,-0.011373469606041908,0.9333239316940308,1.2779786586761477,0.2515919506549835,3.6868443489074703,0.7229295372962952,8.064248085021973,0.05587072670459747,0.9808048009872437,0.020760981738567386,0.25485573932528494,0.464986652135849,0.8829164505004883,0.9401924662448504,0.5436893105506897,0.1794557422399521,0.07546810805797577,0.10398763418197632,1.0952688455581665,0.6967782378196716,-0.025558609841391442
xx59i5eh,eeg_jepa_bs32_lr0.0005_sigreg0.01_nw4_ws4s,2026-04-10T21:09:26Z,finished,,4,4,32,sigreg,1.0,1.0,,smooth_l1,2,64,50,2,0.0005,100,5,True,sweep_sigreg,0.06662505120038986,0.048650600016117096,0.06531307846307755,-0.04630257189273834,0.8907051920890808,4.315484046936035,0.14351989328861237,20.61975479125977,4.779970169067383,9.670858383178713,0.054150357842445374,0.9999989867210388,0.009938297122716905,0.1473986019939184,0.691541314125061,0.642551839351654,0.12679479925925216,0.5242718458175659,0.10005808621644974,0.0014446565182879567,0.0986134260892868,0.7495796084403992,0.6906293630599976,0.049546361714601514
fe80t2l4,eeg_jepa_bs32_lr0.0005_sigreg0.01_nw4_ws4s,2026-04-10T21:09:15Z,finished,,4,4,32,sigreg,1.0,1.0,,smooth_l1,2,64,50,2,0.0005,100,5,True,sweep_sigreg,0.008775156922638416,0.05365452915430069,0.012832029722630978,-0.005342290736734867,0.9299171924591064,0.9697892665863036,0.08500313758850098,4.686429977416992,0.8211424350738525,7.191478729248047,-0.017187204211950302,0.9999948143959044,0.014224673360586151,0.1306056136637926,0.1683991551399231,0.3347263038158417,0.11681541790564354,0.6116504669189453,0.04530353471636772,0.0012690172297880054,0.04403451830148697,1.0872315168380735,0.6942214965820312,0.02204428566619753
kn9176i5,eeg_jepa_bs64_lr0.0005_sigreg1.0_nw2_ws1s,2026-04-10T21:06:20Z,finished,,2,1,64,sigreg,1.0,1.0,,smooth_l1,2,64,50,2,0.0005,100,5,True,sweep_sigreg,0.05403857305645943,0.024038325995206833,0.08425399661064148,-0.030309027060866356,1.026395308971405,1.4805314540863037,0.27169138193130493,3.7003173828125,0.7234647870063782,8.337346076965332,0.0456765741109848,0.9699404835700988,0.006820689141750325,0.3129431290924549,1.2234100103378296,1.3328185081481934,0.3611207716467229,0.582524299621582,0.29477739334106445,0.05145520716905594,0.24332217872142792,1.014067769050598,0.6930888295173645,0.04566836599260569
bazsx7k2,eeg_jepa_bs64_lr0.0005_sigreg1.0_nw2_ws1s,2026-04-10T21:05:58Z,finished,,2,1,64,sigreg,1.0,1.0,,smooth_l1,2,64,50,2,0.0005,100,5,True,sweep_sigreg,0.14183969795703888,0.0984044000506401,0.05867607891559601,0.004316885024309158,0.9330590844154358,1.453687310218811,0.14464102685451508,4.850976943969727,0.7766040563583374,8.392486572265625,0.009845251217484474,0.9302859306335448,-0.0013593466579914226,0.20841709963977337,1.797890067100525,2.3175995349884033,0.401745305301042,0.5145630836486816,0.38601428270339966,0.06326022744178772,0.32275405526161194,0.9239013195037842,0.6902945637702942,0.09010774157941341
qnuh7gc1,eeg_jepa_bs64_lr0.0005_sigreg0.1_nw2_ws1s,2026-04-10T21:05:25Z,finished,,2,1,64,sigreg,1.0,1.0,,smooth_l1,2,64,50,2,0.0005,100,5,True,sweep_sigreg,0.15643244981765747,0.1206315904855728,0.057586368173360825,-0.0010461185593158009,0.932319676876068,1.6047921180725098,0.2752242088317871,5.600411415100098,1.175835371017456,8.603631973266602,0.005659988150000572,0.9968732595443726,-0.002979677319526669,0.18564353197813033,1.6134507656097412,1.997477650642395,0.1774891979040741,0.553398072719574,0.2915433645248413,0.007784310728311539,0.28375905752182007,0.9205228090286256,0.6905899047851562,0.10029051068704574
an2rlv16,eeg_jepa_bs64_lr0.0005_sigreg0.1_nw2_ws1s,2026-04-10T21:04:42Z,finished,,2,1,64,sigreg,1.0,1.0,,smooth_l1,2,64,50,2,0.0005,100,5,True,sweep_sigreg,0.0708404928445816,0.06784471869468689,0.07283396273851395,-0.06173507124185562,1.0356517434120178,2.1194913387298584,0.1117967963218689,7.350950717926025,1.6273313760757446,8.619178771972656,-0.0265653058886528,0.9997328519821168,0.006517456173896818,0.31755186259746554,1.7634199857711792,1.929388165473938,0.08073631497957692,0.5631067752838135,0.20735716819763184,0.00974933709949255,0.1976078301668167,0.7417799830436707,0.6919401288032532,0.05728224515914916
o7en2qcs,eeg_jepa_bs64_lr0.0005_sigreg1.0_nw2_ws1s,2026-04-10T21:04:36Z,finished,,2,1,64,sigreg,1.0,1.0,,smooth_l1,2,64,50,2,0.0005,100,5,True,sweep_sigreg,0.0806734710931778,0.05796024203300476,0.09668915718793868,-0.013798176310956478,1.0349870443344116,1.6428754329681396,0.4706458449363709,5.211617469787598,1.0336085557937622,8.008292198181152,0.0063658468425273895,0.9850800037384032,0.007703725993633281,0.351847068220377,1.982941508293152,2.137949228286743,0.8629045730667824,0.6019417643547058,0.28575876355171204,0.057509951293468475,0.22824881970882416,0.7428669333457947,0.6919751763343811,0.06921704346314071
tzua41ig,eeg_jepa_bs64_lr0.0005_sigreg0.1_nw2_ws1s,2026-04-10T21:04:20Z,finished,,2,1,64,sigreg,1.0,1.0,,smooth_l1,2,64,50,2,0.0005,100,5,True,sweep_sigreg,0.020620694383978844,0.020793385803699493,0.04148582741618157,0.011654539965093136,1.027807879447937,1.5970675945281982,0.30027011036872864,4.641740322113037,1.067891001701355,8.064712524414062,0.01411381084471941,0.9999263286590576,0.006263425052165983,0.28153098151087763,1.1392732858657837,1.2477128505706787,0.12150695725785256,0.6116504669189453,0.21910004317760468,0.007427460048347712,0.2116725891828537,1.0136901140213013,0.6942744851112366,0.026035426277667285
o4o0rux6,eeg_jepa_bs64_lr0.0005_sigreg0.01_nw2_ws1s,2026-04-10T21:04:08Z,finished,,2,1,64,sigreg,1.0,1.0,,smooth_l1,2,64,50,2,0.0005,100,5,True,sweep_sigreg,0.030833067372441292,0.04522153735160827,0.08063623309135437,0.010576155036687853,1.0263734698295592,2.147528648376465,0.050431787967681885,14.26237964630127,2.3220880031585693,8.080155372619629,0.025352753698825836,0.9999732971191406,0.006136410981416679,0.17243058241903783,0.5545690655708313,0.6003456711769104,0.05005881238080324,0.6504854559898376,0.11883196234703064,0.0017458262154832482,0.11708613485097884,1.0147641897201538,0.6936793327331543,0.048064866848289964
al0xmsp9,eeg_jepa_bs64_lr0.0005_sigreg0.01_nw2_ws1s,2026-04-10T21:03:25Z,finished,,2,1,64,sigreg,1.0,1.0,,smooth_l1,2,64,50,2,0.0005,100,5,True,sweep_sigreg,0.14008183777332306,0.104037307202816,0.024426447227597237,-0.02764439769089222,0.9338040828704834,1.856879949569702,0.04836471378803253,8.272671699523926,1.8943239450454712,8.441929817199707,0.01219225861132145,0.999987542629242,-0.0020212945342063943,0.1179295789450407,0.9896254539489746,1.1924052238464355,0.046270950973789374,0.5631067752838135,0.19288641214370728,0.0014275198336690664,0.19145889580249784,0.9310248494148254,0.6915905475616455,0.07779923789203168
oh3qsgus,eeg_jepa_bs64_lr0.0005_sigreg1.0_nw1_ws1s,2026-04-10T21:01:28Z,finished,,1,1,64,sigreg,1.0,1.0,,smooth_l1,2,64,50,2,0.0005,100,5,True,sweep_sigreg,-0.057726457715034485,-0.04204915463924408,-0.00010376289719715714,-0.0324181504547596,1.087269306182861,1.0351818799972534,0.1704333871603012,3.022653341293335,0.5425866842269897,7.714038848876953,0.012696472927927973,0.9754300117492676,-0.009393257796764363,0.4077685905992985,2.6088240146636963,3.5948750972747803,0.5338216045590493,0.5728155374526978,0.549703061580658,0.058649446815252304,0.49105361104011536,1.1033639907836914,0.6923317909240723,-0.03320562762091867
brv79juo,eeg_jepa_bs64_lr0.0005_sigreg0.01_nw2_ws1s,2026-04-10T21:00:38Z,finished,,2,1,64,sigreg,1.0,1.0,,smooth_l1,2,64,50,2,0.0005,100,5,True,sweep_sigreg,0.06102130189538002,0.06169353798031807,0.07749239355325699,-0.04583827778697014,1.035602295398712,2.4844870567321777,0.18392980098724365,9.628090858459473,2.1426520347595215,8.161646842956543,-0.026099825277924538,0.999978244304657,0.007248824462294579,0.1368173387274146,0.8428107500076294,0.8405786752700806,0.07718758920476151,0.553398072719574,0.07007037848234177,0.0016594885382801294,0.06841088831424713,0.7419218420982361,0.6918538212776184,0.05547834224998951
4y7q5hmc,eeg_jepa_bs64_lr0.0005_sigreg1.0_nw1_ws1s,2026-04-10T21:00:07Z,finished,,1,1,64,sigreg,1.0,1.0,,smooth_l1,2,64,50,2,0.0005,100,5,True,sweep_sigreg,-0.23703114688396457,-0.1376984715461731,-0.12540335953235626,0.023465408012270927,0.99071124792099,2.226473331451416,0.5475353002548218,6.069328784942627,1.2764029502868652,10.02285861968994,0.0152708999812603,0.9945868253707886,-0.004308403730392485,0.4651022320985794,3.92258358001709,3.7503855228424072,0.714157997571499,0.6116504669189453,0.4356653690338135,0.0693785697221756,0.3662868142127991,1.0462597608566284,0.6914498209953308,-0.1476933525875211
tp4m29o1,eeg_jepa_bs64_lr0.0005_sigreg1.0_nw1_ws1s,2026-04-10T20:59:18Z,finished,,1,1,64,sigreg,1.0,1.0,,smooth_l1,2,64,50,2,0.0005,100,5,True,sweep_sigreg,0.03811414912343025,0.08193785697221756,0.07524645328521729,0.005484364461153746,0.989462149143219,1.5320559740066528,0.3858448565006256,2.940260887145996,0.6765125393867493,8.684481620788574,0.01198942679911852,0.9939916133880616,-0.009550564885139444,0.39852229565382,1.9301916360855105,1.5580263137817385,0.5466971630510333,0.6116504669189453,0.3696732521057129,0.05767279118299484,0.31200045347213745,0.8642936944961548,0.691400945186615,0.059137974260374905
oi5ysk1r,eeg_jepa_bs64_lr0.0005_sigreg0.01_nw1_ws1s,2026-04-10T20:58:34Z,finished,,1,1,64,sigreg,1.0,1.0,,smooth_l1,2,64,50,2,0.0005,100,5,True,sweep_sigreg,-0.06921377032995224,-0.02971978485584259,-0.036974385380744934,-0.017374662682414055,1.0871982812881469,0.7141944169998169,0.007924273610115051,4.170059680938721,0.8217013478279114,5.297472953796387,0.004138562828302383,0.9998898506164552,-0.005038972944021225,0.1805389337986708,1.0885573625564575,1.4166978597640991,0.10151379210914666,0.582524299621582,0.22092218697071075,0.0015364073915407062,0.2193857729434967,1.1057430505752563,0.6937505602836609,-0.04250984843820334
nbhfmzxe,eeg_jepa_bs64_lr0.0005_sigreg0.1_nw1_ws1s,2026-04-10T20:58:18Z,finished,,1,1,64,sigreg,1.0,1.0,,smooth_l1,2,64,50,2,0.0005,100,5,True,sweep_sigreg,0.006564950570464134,0.07371984422206879,0.08212222158908844,-0.013032552786171436,0.9907556176185608,1.5163072347640991,0.26948171854019165,4.672727584838867,0.9370602369308472,8.346132278442383,-0.014151103794574738,0.999624729156494,-0.008770144581794703,0.36490826308727264,1.7594038248062134,1.4425216913223269,0.3822108873331012,0.6504854559898376,0.2896014153957367,0.007818586193025112,0.2817828357219696,0.8624322414398193,0.6908879280090332,0.04741884963586926
xgynna2m,eeg_jepa_bs64_lr0.0005_sigreg0.1_nw1_ws1s,2026-04-10T20:57:57Z,finished,,1,1,64,sigreg,1.0,1.0,,smooth_l1,2,64,50,2,0.0005,100,5,True,sweep_sigreg,-0.11306402832269669,-0.06116540729999542,-0.027865871787071228,0.07866370677947998,0.9835867524147034,2.1159112453460693,0.30690327286720276,5.108532428741455,1.3027812242507937,9.419944763183594,-0.04832801967859268,0.9992766976356506,-0.003420580029487641,0.4181484684348106,3.705122470855713,3.4635438919067383,0.1922910851249153,0.582524299621582,0.31853070855140686,0.009501135908067226,0.30902957916259766,1.0442243814468384,0.6916587352752686,-0.052762221544980996
u3p41wgl,eeg_jepa_bs64_lr0.0005_sigreg0.1_nw1_ws1s,2026-04-10T20:57:57Z,finished,,1,1,64,sigreg,1.0,1.0,,smooth_l1,2,64,50,2,0.0005,100,5,True,sweep_sigreg,-0.05055732652544975,-0.0244713444262743,-0.0025578574277460575,-0.07580631971359253,1.087464201450348,0.9899685978889464,0.18551383912563324,2.4732866287231445,0.5638522505760193,7.219568252563477,0.002666839398443699,0.9604436159133912,-0.009605592489242532,0.3304461097717285,2.1173553466796875,2.879448890686035,0.2632373548413031,0.5631067752838135,0.3941982090473175,0.007384940516203642,0.38681328296661377,1.1060400009155271,0.6936377882957458,-0.030856590485200286
1imboybr,eeg_jepa_bs64_lr0.0005_sigreg0.01_nw1_ws1s,2026-04-10T20:55:39Z,finished,,1,1,64,sigreg,1.0,1.0,,smooth_l1,2,64,50,2,0.0005,100,5,True,sweep_sigreg,-0.055898867547512054,0.00920294225215912,0.05925685912370682,0.0691784918308258,0.9790923833847046,2.628059148788452,0.1082920953631401,8.54499340057373,2.0336899757385254,8.22750186920166,-0.041839078068733215,0.9847320914268494,0.00021782323718069765,0.20634476490318776,2.2451210021972656,2.136359691619873,0.24903081539231128,0.553398072719574,0.13722659647464752,0.001838062074966729,0.1353885382413864,1.0346744060516355,0.6893686056137085,0.010686129331588747
zbbauafe,eeg_jepa_bs64_lr0.0005_sigreg0.01_nw1_ws1s,2026-04-10T20:55:27Z,finished,,1,1,64,sigreg,1.0,1.0,,smooth_l1,2,64,50,2,0.0005,100,5,True,sweep_sigreg,0.05611326918005943,0.006670719012618065,0.04131390154361725,-0.0050540491938591,0.9929598093032836,1.4587185382843018,0.14821897447109222,5.355910778045654,1.3431553840637207,6.9070820808410645,-0.03890080749988556,0.999178111553192,-0.0039040227234363456,0.18768791981041433,0.7273125052452087,0.5638576149940491,0.16410093130288542,0.6116504669189453,0.1314980834722519,0.0021088060457259417,0.12938927114009857,0.8655985593795776,0.6903296113014221,0.030723962001502514
zx9ycok0,eeg_jepa_bs64_lr0.0005_std0.25_cov0.25_nw1_ws4s,2026-04-07T12:55:10Z,finished,,1,4,64,vc,0.25,0.25,,smooth_l1,2,64,50,2,0.0005,100,5,True,sweep_phase1,,-0.05765280872583389,-0.062435515224933624,,1.032182216644287,0.04860890656709671,0.0014836456393823028,0.3693738579750061,0.062255796045064926,16.632469177246094,0.9877883195877076,1.0,-0.00782349243760111,0.15028312362730503,1.760966181755066,1.5003330707550049,0.3275709362699068,0.5490196347236633,0.2790244221687317,0.10382187366485596,0.17520256340503693,0.7771701216697693,0.6904486417770386,
2n7ewwtg,eeg_jepa_bs64_lr0.0005_std0.25_cov0.25_nw1_ws4s,2026-04-07T12:55:10Z,finished,,1,4,64,vc,0.25,0.25,,smooth_l1,2,64,50,2,0.0005,100,5,True,sweep_phase1,,-0.02255941368639469,0.049788713455200195,,1.1366260766983032,0.2933003306388855,0.004479132127016783,2.43204665184021,0.4308964908123016,23.45757102966309,0.9440569281578064,1.0000001192092896,-0.0012013851106166815,0.18735391415655617,4.016652584075928,3.79538893699646,0.1706453361830953,0.4313725531101227,0.24006882309913635,0.101853609085083,0.13821521401405334,0.6422460675239563,0.6926045417785645,
f437g809,eeg_jepa_bs32_lr0.0005_std0.25_cov0.25_nw4_ws4s,2026-04-06T20:06:04Z,finished,,4,4,32,vc,0.25,0.25,,smooth_l1,2,64,50,2,0.0005,100,5,True,sweep_phase1,,0.08773092925548553,0.06276308000087738,,0.8020776450634003,0.14528512954711914,0.0003588673425838351,0.8248441815376282,0.20955632627010343,17.274921417236328,0.9772260785102844,1.0,-0.04755261912941933,0.3142041552811861,5.690648555755615,8.579262733459473,0.2428509248107202,0.6407766938209534,0.31721049547195435,0.1017436906695366,0.21546681225299835,0.6400496959686279,0.6939316987991333,
q5t3mpoa,eeg_jepa_bs32_lr0.0005_std0.25_cov0.25_nw8_ws2s,2026-04-06T18:36:23Z,finished,,8,2,32,vc,0.25,0.25,,smooth_l1,2,64,50,2,0.0005,100,5,True,sweep_phase1,,0.04199172928929329,0.013400486670434477,,0.6944634109735489,0.6749441623687744,0.003753616940230131,2.8611669540405273,0.7739298343658447,18.421985626220703,0.8554216623306274,0.9999992847442628,0.020841533243656177,0.41845408603549006,17.340051651000977,17.169307708740234,0.7329893380560133,0.4757281541824341,0.4935881495475769,0.0998937413096428,0.3936944007873535,0.8181568384170532,0.693863034248352,
9ry8sace,eeg_jepa_bs64_lr0.0005_std0.25_cov0.25_nw8_ws1s,2026-04-06T13:04:53Z,finished,,8,1,64,vc,0.25,0.25,,smooth_l1,2,64,50,2,0.0005,100,5,True,sweep_phase1,,0.050511520355939865,0.05804514139890671,,0.9118809938430786,1.0490227937698364,0.0062573556788265705,4.55973482131958,1.007898211479187,14.924821853637695,0.8679937124252319,0.9999996423721312,0.004245193079113946,0.18595692228525876,2.210500717163086,1.978496789932251,0.22940517159023105,0.553398072719574,0.1890718638896942,0.10291434824466704,0.08615750819444656,0.5218667387962341,0.6937392950057983,
00v3zu1x,eeg_jepa_bs64_lr0.0005_std0.25_cov0.25_nw4_ws2s,2026-04-06T12:41:00Z,finished,,4,2,64,vc,0.25,0.25,,smooth_l1,2,64,50,2,0.0005,100,5,True,sweep_phase1,,0.03514713793992996,-0.01365177147090435,,0.8616376280784607,0.131262868642807,0.002712592016905546,0.7920480966567993,0.1591387540102005,15.16889476776123,0.9703429937362672,0.9999998807907104,0.01360882550477982,0.16727671325206755,4.330472946166992,3.7913565635681152,0.06499934426311167,0.485436886548996,0.22403672337532043,0.103799968957901,0.12023676186800004,0.6783751249313354,0.691906750202179,
p93bzrc1,eeg_jepa_bs64_lr0.0005_std0.25_cov0.25_nw8_ws1s,2026-04-06T12:05:35Z,finished,,8,1,64,vc,0.25,0.25,,smooth_l1,2,64,50,2,0.0005,100,5,True,sweep_phase1,,0.037497494369745255,0.06720995157957077,,0.7510802984237671,2.321518898010254,0.0059463526122272015,16.78511619567871,2.994372844696045,17.942373275756836,0.9032901525497437,1.0,-0.004380736947059621,0.17580001741647722,1.8694252967834473,2.5430355072021484,0.12181478090972445,0.6116504669189453,0.2685312032699585,0.10270920395851137,0.16582199931144714,0.7612274289131165,0.6884145140647888,
t83bf4k0,eeg_jepa_bs64_lr0.0005_std0.25_cov0.25_nw2_ws4s,2026-04-06T12:02:25Z,finished,,2,4,64,vc,0.25,0.25,,smooth_l1,2,64,50,2,0.0005,100,5,True,sweep_phase1,,0.028730973601341248,0.10206203907728197,,0.7900768041610717,0.4918975532054901,0.013452992774546146,2.27278733253479,0.399120569229126,12.78937816619873,0.8481633067131042,0.9999997615814208,-0.0011788266897201638,0.17936717942357064,3.10215425491333,3.650038242340088,0.15463271049865163,0.485436886548996,0.234172523021698,0.10423173755407332,0.12994079291820526,0.8900383710861206,0.692041277885437,
h88x163g,eeg_jepa_bs64_lr0.0005_std0.25_cov0.25_nw2_ws4s,2026-04-06T12:02:01Z,finished,,2,4,64,vc,0.25,0.25,,smooth_l1,2,64,50,2,0.0005,100,5,True,sweep_phase1,,-0.03140517324209213,-0.06812049448490143,,0.8453415751457214,0.2746594250202179,0.001223790692165494,1.6883825063705444,0.3699246048927307,27.92953109741211,0.9670695066452026,1.0,-0.002565178945660579,0.16662781994789838,1.587132453918457,1.0021871328353882,0.07035020669571806,0.485436886548996,0.2347441017627716,0.10360099375247955,0.13114310801029205,0.6850448846817017,0.6926924586296082,
leq9iwlx,eeg_jepa_bs64_lr0.0005_std0.25_cov0.25_nw4_ws1s,2026-04-06T11:58:11Z,finished,,4,1,64,vc,0.25,0.25,,smooth_l1,2,64,50,2,0.0005,100,5,True,sweep_phase1,,0.00036884035216644406,0.011249075643718244,,1.109667861461639,0.8269898891448975,0.02257974818348885,2.964186191558838,0.7533590793609619,15.20277214050293,0.912670373916626,0.9999972581863404,0.00048561781644820834,0.1597260957956314,1.787096619606018,2.021749496459961,0.15768944606994936,0.49514564871788025,0.32122933864593506,0.10429009795188904,0.21693922579288483,1.277193307876587,0.6954827904701233,
hlzib8km,eeg_jepa_bs64_lr0.0005_std0.25_cov0.25_nw4_ws2s,2026-04-06T04:16:52Z,finished,,4,2,64,vc,0.25,0.25,,smooth_l1,2,64,50,2,0.0005,100,5,True,sweep_phase1,,0.01375441625714302,0.01433072704821825,,0.9142403960227966,0.6283932328224182,0.018998634070158005,2.322918653488159,0.6288360953330994,15.219278335571287,0.9027643203735352,0.9999998807907104,0.01348225221037866,0.16570772625505925,1.310014247894287,1.327134609222412,0.10014156816376202,0.49514564871788025,0.30011576414108276,0.10491397231817244,0.1952017992734909,0.7094918489456177,0.6927464604377747,
e413zlq7,eeg_jepa_bs64_lr0.0005_std0.25_cov0.25_nw4_ws2s,2026-04-06T04:16:52Z,finished,,4,2,64,vc,0.25,0.25,,smooth_l1,2,64,50,2,0.0005,100,5,True,sweep_phase1,,-0.01765761338174343,0.010626574046909807,,0.8085642099380493,0.08171813189983368,0.0003163280198350549,0.4707241356372833,0.11444859951734544,24.3967227935791,0.993401050567627,1.0,-0.0005454143136739698,0.18877308811992408,0.5554749965667725,1.136977195739746,0.08339414115981902,0.6019417643547058,0.2920606732368469,0.10399387031793594,0.1880667954683304,0.6533966660499573,0.691369891166687,
ajn3fxih,eeg_jepa_bs64_lr0.0005_std0.25_cov0.25_nw8_ws1s,2026-04-06T04:16:37Z,finished,,8,1,64,vc,0.25,0.25,,smooth_l1,2,64,50,2,0.0005,100,5,True,sweep_phase1,,-0.016150634735822678,-0.03263706713914871,,0.96889226436615,0.20687006413936615,0.0007871489506214857,1.990955710411072,0.31234386563301086,25.65051651000977,0.9818202257156372,1.0000001192092896,0.011882732659578343,0.1798510978370905,0.8159121870994568,1.0746135711669922,0.11267388352636708,0.6019417643547058,0.3269723653793335,0.10389911383390428,0.22307324409484863,0.7323023080825806,0.6934654712677002,
dqob2fzv,eeg_jepa_bs64_lr0.0005_std0.25_cov0.25_nw4_ws1s,2026-04-06T04:16:14Z,finished,,4,1,64,vc,0.25,0.25,,smooth_l1,2,64,50,2,0.0005,100,5,True,sweep_phase1,,0.03950483351945877,-0.028483137488365173,,0.6501343131065369,0.22738826274871823,0.0005439779488369823,1.7897850275039673,0.3308243751525879,21.289745330810547,0.960616946220398,1.0,0.006800297647714615,0.19603205569088455,1.5415295362472534,1.871785879135132,0.08525944111198,0.5048543810844421,0.22686123847961423,0.10519447922706604,0.12166675180196762,1.1033077239990234,0.6946125626564026,
celeqbci,eeg_jepa_bs64_lr0.0005_std0.25_cov0.25_nw4_ws1s,2026-04-06T04:16:14Z,finished,,4,1,64,vc,0.25,0.25,,smooth_l1,2,64,50,2,0.0005,100,5,True,sweep_phase1,,-0.006638000253587961,0.06139201670885086,,0.9320432662963868,0.1573551446199417,0.0011162194423377514,1.0979348421096802,0.2023475170135498,13.945505142211914,0.9567633867263794,0.9999999403953552,0.006945419535040853,0.1784866552427411,4.535525321960449,5.250051021575928,0.1144476545772978,0.5631067752838135,0.2696373462677002,0.10477538406848907,0.16486194729804993,0.7839511036872864,0.6930103898048401,
o9ehghme,eeg_jepa_bs64_lr0.0005_std0.25_cov0.25_nw2_ws2s,2026-04-06T03:49:30Z,finished,,2,2,64,vc,0.25,0.25,,smooth_l1,2,64,50,2,0.0005,100,5,True,sweep_phase1,,0.06041419878602028,0.045593127608299255,,0.920890998840332,0.6421066522598267,0.016825834289193153,2.987281084060669,0.6836631894111633,14.725424766540527,0.9230408668518066,0.9999992847442628,0.015393335074186332,0.15674311824142934,1.2799075841903689,1.2526367902755735,0.0952361375446934,0.3980582654476166,0.27564287185668945,0.1044146791100502,0.17122820019721985,0.5881165862083435,0.6942303776741028,
ggxuy60m,eeg_jepa_bs64_lr0.0005_std0.25_cov0.25_nw2_ws2s,2026-04-06T03:49:01Z,finished,,2,2,64,vc,0.25,0.25,,smooth_l1,2,64,50,2,0.0005,100,5,True,sweep_phase1,,0.04232119768857956,0.0713142529129982,,1.0520486116409302,0.2495129108428955,0.0016105981776490808,1.7192814350128174,0.3755413591861725,20.442615509033203,0.9745208024978638,1.0,-0.0006667803227901337,0.16453727193176745,0.9329050183296204,0.5840952396392822,0.08080597490167228,0.5631067752838135,0.2136191129684448,0.1033828854560852,0.11023622751235962,0.6117156744003296,0.6932770609855652,
538xu7cy,eeg_jepa_bs64_lr0.0005_std0.25_cov0.25_nw2_ws2s,2026-04-06T03:49:01Z,finished,,2,2,64,vc,0.25,0.25,,smooth_l1,2,64,50,2,0.0005,100,5,True,sweep_phase1,,-0.01490213628858328,-0.019001655280590057,,1.0364917516708374,0.25960585474967957,0.0016771892551332712,1.5626639127731323,0.340059757232666,14.740402221679688,0.9568856954574584,0.9999998211860656,0.018629940673708933,0.17569504383951426,1.9246468544006348,2.4630603790283203,0.06385939338452637,0.5145630836486816,0.24795570969581604,0.1045372486114502,0.14341846108436584,0.920336365699768,0.6920257210731506,
qgtkxhg0,eeg_jepa_bs64_lr0.0005_std0.25_cov0.25_nw2_ws1s,2026-04-06T03:46:44Z,finished,,2,1,64,vc,0.25,0.25,,smooth_l1,2,64,50,2,0.0005,100,5,True,sweep_phase1,,-0.02462400123476982,-0.036960579454898834,,1.0904827117919922,0.8550550937652588,0.01644780859351158,3.4457058906555176,0.8840364217758179,13.594602584838867,0.8640937805175781,0.9999991655349731,-0.005218986049294494,0.16204678479582071,1.3791629076004028,1.2222814559936523,0.05793937682322504,0.4757281541824341,0.39533731341362,0.10709509998559952,0.2882422208786011,0.698311448097229,0.6905713677406311,
d3o91ysd,eeg_jepa_bs64_lr0.0005_std0.25_cov0.25_nw2_ws1s,2026-04-06T03:46:44Z,finished,,2,1,64,vc,0.25,0.25,,smooth_l1,2,64,50,2,0.0005,100,5,True,sweep_phase1,,-0.0414351187646389,0.05249232053756714,,0.93797128200531,0.10988190025091173,0.0006561317713931203,0.8768380284309387,0.147220641374588,17.865550994873047,0.9822330474853516,0.9999996423721312,-0.003121766224503525,0.14992683451622724,6.15164041519165,7.325751304626465,0.04551475744046033,0.5436893105506897,0.2380900681018829,0.10340621322393416,0.13468386232852936,0.8540801405906677,0.6928989291191101,
50ivyivs,eeg_jepa_bs64_lr0.0005_std0.25_cov0.25_nw2_ws1s,2026-04-06T03:46:44Z,finished,,2,1,64,vc,0.25,0.25,,smooth_l1,2,64,50,2,0.0005,100,5,True,sweep_phase1,,-0.008669404312968254,-0.0663045346736908,,0.8967071413993836,0.13038384914398193,0.0006950219394639134,0.9790195226669312,0.1755218654870987,16.246421813964844,0.9723159074783324,1.0,-0.01426789335906506,0.14678926292806865,1.179884433746338,1.2326507568359375,0.07129706126493952,0.4757281541824341,0.22425703704357147,0.10419308394193648,0.12006395310163498,1.1886993646621704,0.6907675862312317,
bmksgrsf,eeg_jepa_bs64_lr0.0005_std0.25_cov0.25_nw1_ws2s,2026-04-06T03:46:07Z,finished,,1,2,64,vc,0.25,0.25,,smooth_l1,2,64,50,2,0.0005,100,5,True,sweep_phase1,,-0.05122596025466919,-0.02745025046169758,,1.0006481766700746,0.2657080292701721,0.0013595630880445242,1.41624915599823,0.30026188492774963,17.152172088623047,0.9621579647064208,0.9999996423721312,0.0026074731349945146,0.14441852301359176,2.8403778076171875,2.275014162063598,0.08306542260047758,0.40776699781417847,0.28213006258010864,0.10335281491279602,0.17877726256847382,0.9595575332641602,0.6900618076324463,
88ftx9s6,eeg_jepa_bs64_lr0.0005_std0.25_cov0.25_nw1_ws2s,2026-04-06T03:46:07Z,finished,,1,2,64,vc,0.25,0.25,,smooth_l1,2,64,50,2,0.0005,100,5,True,sweep_phase1,,0.16249343752861023,0.16621798276901245,,1.082639253139496,0.7831128835678101,0.03483826294541359,3.1637158393859863,0.6303108930587769,14.21190071105957,0.8817911744117737,0.9999998807907104,0.0010475040972232896,0.16133915998041629,1.0142936706542969,1.1589659452438354,0.1039976357865337,0.5242718458175659,0.3427946865558624,0.1085423231124878,0.23425236344337463,1.059939742088318,0.6962980031967163,
9gzmss0j,eeg_jepa_bs64_lr0.0005_std0.25_cov0.25_nw1_ws4s,2026-04-06T03:45:51Z,finished,,1,4,64,vc,0.25,0.25,,smooth_l1,2,64,50,2,0.0005,100,5,True,sweep_phase1,,-0.08367476612329483,-0.0776730328798294,,1.1455453515052796,0.12916623055934906,0.001488531124778092,0.7611892223358154,0.16180796921253204,18.982894897460938,0.986151933670044,0.9999998807907104,-0.009953364655375496,0.17374956782907247,1.2551512718200684,0.965982973575592,0.07081848215084394,0.5048543810844421,0.25555169582366943,0.1045728251338005,0.15097887814044952,0.870286226272583,0.6950509548187256,
e5lcwbfk,eeg_jepa_bs64_lr0.0005_std0.25_cov0.25_nw1_ws2s,2026-04-06T03:45:29Z,finished,,1,2,64,vc,0.25,0.25,,smooth_l1,2,64,50,2,0.0005,100,5,True,sweep_phase1,,0.10353125631809236,0.1487884223461151,,1.128083860874176,0.06963291764259338,0.0003987621457781642,0.503223717212677,0.09751302003860474,20.232481002807617,0.9939839839935304,1.0,-0.007232283502817155,0.12084841206669808,0.7695006132125854,0.8048834800720215,0.10525000093592651,0.3980582654476166,0.20127049088478088,0.1039779856801033,0.09729249775409698,1.5293684005737305,0.6965155005455017,
oi5trro4,eeg_jepa_bs64_lr0.0005_std0.25_cov0.25_nw1_ws1s,2026-04-06T03:45:28Z,finished,,1,1,64,vc,0.25,0.25,,smooth_l1,2,64,50,2,0.0005,100,5,True,sweep_phase1,,0.04235195368528366,0.00307600200176239,,0.8787149906158447,0.7764446139335632,0.04339667037129402,2.779688596725464,0.5950132608413696,11.377608299255373,0.8385816812515259,0.9999997615814208,-0.017248972877860064,0.14196737181395291,0.4015939235687256,0.6817362308502197,0.05391767322027959,0.49514564871788025,0.2525438368320465,0.10682610422372818,0.14571772515773773,0.7682577967643738,0.6938104033470154,
oynzl0oi,eeg_jepa_bs64_lr0.0005_std0.25_cov0.25_nw1_ws1s,2026-04-06T03:44:53Z,finished,,1,1,64,vc,0.25,0.25,,smooth_l1,2,64,50,2,0.0005,100,5,True,sweep_phase1,,-0.0379648320376873,0.0037956032902002335,,0.8348596334457398,0.04416689649224281,0.0010044656228274107,0.1840450614690781,0.04543938860297203,11.824922561645508,0.9835692644119264,0.9999998807907104,0.005354869961738576,0.11615947604179384,0.6180995106697083,0.8488752245903015,0.03549215555342808,0.3980582654476166,0.224869966506958,0.10466556251049042,0.120204396545887,1.4895306825637815,0.6942535042762756,
7z72cf1a,eeg_jepa_bs64_lr0.0005_std0.25_cov0.25_nw1_ws1s,2026-04-06T03:44:53Z,finished,,1,1,64,vc,0.25,0.25,,smooth_l1,2,64,50,2,0.0005,100,5,True,sweep_phase1,,-0.002030635252594948,0.03818678110837936,,0.9987740993499756,0.11083878576755524,0.0008712213602848351,0.5858026742935181,0.12791436910629272,12.279812812805176,0.9715223908424376,0.9999998211860656,-0.015518132597208025,0.13499413251876832,0.31157341599464417,0.547394871711731,0.07098569582171504,0.4757281541824341,0.1927570998668671,0.10321298986673356,0.08954411000013351,1.1794286966323853,0.6942958831787109,
g4n02hwu,eeg_jepa_bs64_lr0.0005_std0.25_cov0.25_nw4_ws2s,2026-04-06T02:37:50Z,finished,,4,2,64,vc,0.25,0.25,,smooth_l1,2,64,50,2,0.0005,10,5,True,verify_normfix,,-0.013991349376738071,0.001803204766474664,,0.8313270568847656,0.018601644784212112,0.00025520441704429686,0.10410192608833312,0.02423725090920925,14.387613296508787,0.9967122077941896,0.9999999403953552,-0.29102176308631894,0.24711154997348783,,,0.07100427903698593,0.692307710647583,0.17117369174957275,0.13196484744548798,0.039208851754665375,0.5558648705482483,0.6936730146408081,
vu0pwtz5,eeg_jepa_bs64_lr0.0005_std0.25_cov0.25_nw2_ws2s,2026-04-05T21:36:20Z,finished,,2,2,64,vc,0.25,0.25,,smooth_l1,2,64,50,2,0.0005,100,5,True,sweep_phase1,,0.005308119580149651,-0.013001399114727974,,331.6666961669922,2439777.5,37758.84765625,16599134.0,3265294.0,2960.20166015625,-0.024003472179174423,0.9492153525352478,-32.78954956054713,2072.753812866211,128652832.0,304469664.0,0.9999998305904376,0.47999998927116394,1865.8262939453125,0.13767464458942413,1865.6885986328125,7.586214542388916,0.81453537940979,
kasggz7b,eeg_jepa_bs64_lr0.0005_std0.25_cov0.25_nw4_ws2s,2026-04-05T14:25:21Z,finished,,4,2,64,vc,0.25,0.25,,smooth_l1,2,64,50,2,0.0005,100,5,True,sweep_phase1,,0.020436177030205727,0.08596526086330414,,632.3760864257813,67132.859375,8839.078125,334834.65625,63943.8984375,1033.38916015625,-0.009604882448911669,0.944105327129364,-139.95960083007822,2112.31028137207,911813248.0,643026944.0,0.8868458254606554,0.6078431606292725,1634.6962890625,0.13806068897247314,1634.5582275390625,30.876195907592773,0.9288282990455629,
cz0a3crw,eeg_jepa_bs64_lr0.0005_std0.25_cov0.25_nw8_ws1s,2026-04-05T14:15:42Z,finished,,8,1,64,vc,0.25,0.25,,smooth_l1,2,64,50,2,0.0005,100,5,True,sweep_phase1,,0.02509325370192528,0.03421083092689514,,16.718260765075684,17013474.0,223214.0,54877540.0,11321267.0,6372.5390625,-0.02185480296611786,0.9291694164276124,26.797346191406632,2114.393239746094,1180996352.0,596588608.0,0.999999891304536,0.5631067752838135,1540.903076171875,0.13796043395996094,1540.76513671875,9.355177879333496,0.8210432529449463,
kex25xpp,eeg_jepa_bs64_lr0.0005_std0.25_cov0.25_nw2_ws4s,2026-04-05T14:14:35Z,finished,,2,4,64,vc,0.25,0.25,,smooth_l1,2,64,50,2,0.0005,100,5,True,sweep_phase1,,0.03896356746554375,-0.042420003563165665,,68.5047508239746,19500744.0,804967.1875,77402056.0,17664064.0,6818.73974609375,-0.06588953733444214,0.9910790920257568,42.72172485351575,2146.0518072509767,282535712.0,208774704.0,0.9999999288235416,0.4757281541824341,2345.524658203125,0.1399027854204178,2345.384765625,346.4925842285156,2.436643362045288,
0iihk4ln,eeg_jepa_bs32_lr0.0005_std0.25_cov0.25_nw8_ws2s,2026-04-05T14:12:15Z,finished,,8,2,32,vc,0.25,0.25,,smooth_l1,2,64,50,2,0.0005,100,5,True,sweep_phase1,,0.0007882177014835179,0.007642472628504038,,18.323109406232835,108608080.0,1137847.625,400453152.0,102888560.0,21585.337890625,-0.010759472846984863,0.9905494451522828,-101.5651013183592,2615.537239379883,112261880.0,49805596.0,0.9999999925544134,0.4757281541824341,2909.339111328125,0.13488948345184326,2909.2041015625,8.326836585998535,0.6954365372657776,
cvaaa1ay,eeg_jepa_bs64_lr0.0005_std0.25_cov0.25_nw4_ws2s,2026-04-05T14:12:11Z,finished,,4,2,64,vc,0.25,0.25,,smooth_l1,2,64,50,2,0.0005,100,5,True,sweep_phase1,,-0.015031334944069386,-0.04626648873090744,,73.60202178955078,166260.125,11801.0859375,917283.8125,159391.375,1122.2265625,0.053903523832559586,0.9301355481147766,120.06818603515626,2033.641563720703,78650464.0,61185180.0,0.9999999660762534,0.485436886548996,1624.6041259765625,0.13764671981334686,1624.4664306640625,10.813701629638672,0.9891737699508668,
n1wqvull,eeg_jepa_bs64_lr0.0005_std0.25_cov0.25_nw2_ws4s,2026-04-05T13:30:59Z,finished,,2,4,64,vc,0.25,0.25,,smooth_l1,2,64,50,2,0.0005,100,5,True,sweep_phase1,,0.03468988463282585,-0.02904064767062664,,1309.5203475952148,48310.2421875,5422.275390625,223712.0625,41471.78125,864.7196044921875,0.0278782919049263,0.9504294991493224,-108.99131347656248,2218.939071044922,22841130.0,54931484.0,0.5768243155025508,0.4545454680919647,2458.4423828125,0.13605539500713348,2458.306396484375,71.38471221923828,0.812538743019104,
q0svp7vr,eeg_jepa_bs64_lr0.0005_std0.25_cov0.25_nw8_ws1s,2026-04-05T13:19:11Z,finished,,8,1,64,vc,0.25,0.25,,smooth_l1,2,64,50,2,0.0005,100,5,True,sweep_phase1,,0.015328106470406055,0.0012334455968812108,,30.18658866882324,624362.5625,11886.37890625,2107985.0,475063.53125,1855.918212890625,0.04736132174730301,0.9235551357269288,-154.09385498046868,2076.759571533203,103431424.0,84781192.0,0.9999999041435784,0.5728155374526978,1497.50244140625,0.13657337427139282,1497.3658447265625,8.523466110229492,0.9302065968513488,
qc8fmnjh,eeg_jepa_bs32_lr0.0005_std0.25_cov0.25_nw8_ws2s,2026-04-05T13:19:04Z,finished,,8,2,32,vc,0.25,0.25,,smooth_l1,2,64,50,2,0.0005,100,5,True,sweep_phase1,,0.0161044429987669,0.009616037830710413,,7.083553525805473,56559.9140625,4089.6396484375,247738.6875,50594.9609375,872.2127685546875,-0.06062543764710426,0.8612053394317627,171.78119750976566,2496.3561676025392,130229360.0,145254192.0,0.2011475590933917,0.42718446254730225,2346.6123046875,0.13589224219322205,2346.476318359375,4.881881237030029,0.6995161175727844,
8lqel1td,eeg_jepa_bs64_lr0.0005_std0.25_cov0.25_nw4_ws2s,2026-04-05T13:19:00Z,finished,,4,2,64,vc,0.25,0.25,,smooth_l1,2,64,50,2,0.0005,100,5,True,sweep_phase1,,-0.0449138917028904,-0.05554262921214104,,64.8574935913086,23633382.0,59867.05859375,86355608.0,24140446.0,6242.4931640625,0.026596486568450928,0.9596104621887208,9.860577392578309,2058.6114654541016,256297376.0,242536192.0,1.0000000189740548,0.5048543810844421,1474.019287109375,0.13774442672729492,1473.881591796875,6.458396911621094,0.7986269593238831,
nsi2zrub,eeg_jepa_bs32_lr0.0005_std0.25_cov0.25_nw4_ws4s,2026-04-05T13:18:53Z,finished,,4,4,32,vc,0.25,0.25,,smooth_l1,2,64,50,2,0.0005,100,5,True,sweep_phase1,,-0.03332167863845825,0.01459632720798254,,42.30050989985466,15028.9873046875,1128.6514892578125,63708.9296875,14143.0791015625,450.4091796875,0.10428068041801453,0.9442192912101746,-97.90445312500016,2437.064226074219,34361676.0,122510728.0,0.1661682775873438,0.5145630836486816,735.4186401367188,0.1351163387298584,735.2835083007812,2.1515867710113525,0.6965016722679138,
7zmmv08h,eeg_jepa_bs64_lr0.0005_std0.25_cov0.25_nw2_ws4s,2026-04-05T13:18:53Z,finished,,2,4,64,vc,0.25,0.25,,smooth_l1,2,64,50,2,0.0005,100,5,True,sweep_phase1,,-0.006636949721723795,0.01982160471379757,,227.2399022817612,64479744.0,868860.1875,256660944.0,65838800.0,10878.828125,0.06063155084848404,0.8920543193817139,-119.80417968749998,2177.790471191406,331913664.0,260388384.0,0.9999999345571778,0.42718446254730225,1435.4112548828125,0.13722383975982666,1435.2740478515625,4.135340213775635,0.7329249978065491,
d7oe4xqk,eeg_jepa_bs64_lr0.0005_std0.25_cov0.25_nw8_ws1s,2026-04-05T13:18:51Z,finished,,8,1,64,vc,0.25,0.25,,smooth_l1,2,64,50,2,0.0005,100,5,True,sweep_phase1,,-0.07256254553794861,-0.09115341305732728,,172.0265916824341,13773208.0,24928.32421875,54733048.0,13857209.0,4919.53515625,-0.01975810155272484,0.9214221239089966,7.9560546875,2042.8027978515624,106006096.0,58185596.0,0.9999999605533256,0.485436886548996,2537.763671875,0.13679130375385284,2537.626953125,141.07647705078125,0.9627116322517396,
9l7sqv0q,eeg_jepa_bs32_lr0.0005_std0.25_cov0.25_nw4_ws4s,2026-04-05T13:18:51Z,finished,,4,4,32,vc,0.25,0.25,,smooth_l1,2,64,50,2,0.0005,100,5,True,sweep_phase1,,-0.039992012083530426,0.04815259575843811,,4.724225816130638,18288556.0,31197.67578125,128391744.0,24523430.0,6562.3505859375,0.051233720034360886,0.9106667041778564,2.6330053710935317,2499.637586669922,121443264.0,47998800.0,1.000000059108681,0.42718446254730225,2765.91015625,0.13653482496738434,2765.773681640625,3.7292168140411377,0.6956284642219543,
u3u1ql4y,eeg_jepa_bs64_lr0.0005_std0.25_cov0.25_nw2_ws1s,2026-04-05T13:18:48Z,finished,,2,1,64,vc,0.25,0.25,,smooth_l1,2,64,50,2,0.0005,100,5,True,sweep_phase1,,-0.015792230144143105,-0.021220698952674866,,57.207332134246826,79840.453125,9377.9169921875,295667.46875,59843.08203125,1207.265625,-0.00873994454741478,0.8906847238540649,-89.75616088867196,1649.4395416259763,502406816.0,599217600.0,0.9999999374661896,0.5339806079864502,2243.489990234375,0.14811918139457703,2243.341796875,134.1600799560547,1.0536760091781616,
sluqaalh,eeg_jepa_bs64_lr0.0005_std0.25_cov0.25_nw4_ws1s,2026-04-04T23:04:34Z,finished,,4,1,64,vc,0.25,0.25,,smooth_l1,2,64,50,2,0.0005,100,5,True,sweep_phase1,,0.04415716975927353,0.03291556239128113,,122.00448241233826,90308.109375,15417.498046875,379900.9375,72734.0703125,1130.458740234375,0.02754959464073181,0.907953679561615,36.75004150390646,1916.8193310546876,34686300.0,39936152.0,0.9999998410562164,0.582524299621582,1380.8697509765625,0.14143721759319303,1380.728271484375,57.94078826904297,0.8085858225822449,
a08anvn0,eeg_jepa_bs64_lr0.0005_std0.25_cov0.25_nw4_ws1s,2026-04-04T23:04:34Z,finished,,4,1,64,vc,0.25,0.25,,smooth_l1,2,64,50,2,0.0005,100,5,True,sweep_phase1,,-0.08872608840465546,-0.06457214802503586,,93.2884283065796,115309.828125,7729.84375,538971.6875,104686.1484375,1420.269775390625,0.0357355996966362,0.9878390431404114,5.003426513671911,1987.7136822509765,194830688.0,227861216.0,0.9999995655277916,0.3883495330810547,1902.55859375,0.14049290120601654,1902.4180908203125,363.00482177734375,0.962594509124756,
xp65e8ex,eeg_jepa_bs64_lr0.0005_std0.25_cov0.25_nw4_ws1s,2026-04-04T23:04:03Z,finished,,4,1,64,vc,0.25,0.25,,smooth_l1,2,64,50,2,0.0005,100,5,True,sweep_phase1,,-0.007763291243463755,0.0022484485525637865,,16.760351371765136,20363330.0,54185.05078125,73539488.0,17499378.0,6382.7451171875,-0.04335502535104752,0.957615852355957,45.59679809570298,2106.1067266845703,739391936.0,583374144.0,0.999999982454742,0.5922330021858215,2419.479248046875,0.13686157763004303,2419.34228515625,21.431127548217773,0.7781941294670105,
c7v00bu1,eeg_jepa_bs64_lr0.0005_std0.25_cov0.25_nw2_ws2s,2026-04-04T23:03:07Z,finished,,2,2,64,vc,0.25,0.25,,smooth_l1,2,64,50,2,0.0005,100,5,True,sweep_phase1,,0.05281590670347214,-0.02321389876306057,,49.13797636032105,64640.91015625,6328.11328125,185696.984375,45008.62890625,1083.946533203125,0.04598123207688331,0.9797777533531188,103.85748779296864,2135.7656689453124,82807056.0,157531296.0,0.17100424919211035,0.5048543810844421,2803.9453125,0.1488867849111557,2803.79638671875,31.911666870117188,1.2521538734436035,
3uz4xm2n,eeg_jepa_bs64_lr0.0005_std0.25_cov0.25_nw2_ws2s,2026-04-04T23:03:07Z,finished,,2,2,64,vc,0.25,0.25,,smooth_l1,2,64,50,2,0.0005,100,5,True,sweep_phase1,,0.06282289326190948,-0.010797107592225077,,28.986096954345705,24215654.0,223689.5625,151783376.0,29490700.0,6819.78466796875,-0.05272902920842171,0.978581964969635,166.93470092773464,2077.4245489501955,109230592.0,76330512.0,1.0000001305642443,0.5242718458175659,2375.5908203125,0.13611111044883728,2375.45458984375,73.0593032836914,0.725980818271637,
31qmxt5f,eeg_jepa_bs64_lr0.0005_std0.25_cov0.25_nw2_ws1s,2026-04-04T23:03:07Z,finished,,2,1,64,vc,0.25,0.25,,smooth_l1,2,64,50,2,0.0005,100,5,True,sweep_phase1,,-0.0027914855163544416,-0.07176531106233597,,81.37522449493409,64124032.0,79490.1484375,375396128.0,72083336.0,10055.826171875,0.03725432977080345,0.9033465385437012,-52.83622314453146,1764.4574841308597,213542624.0,167048048.0,0.9999999093092784,0.49514564871788025,2091.395263671875,0.13948002457618713,2091.255859375,22.47102165222168,0.7873969674110413,
dt9wwj0b,eeg_jepa_bs64_lr0.0005_std0.25_cov0.25_nw1_ws4s,2026-04-04T23:01:35Z,finished,,1,4,64,vc,0.25,0.25,,smooth_l1,2,64,50,2,0.0005,100,5,True,sweep_phase1,,-0.03652704134583473,-0.033054277300834656,,27.302458381652833,67098392.0,329409.53125,203816240.0,56964796.0,10085.5986328125,0.0669284537434578,0.944780170917511,140.75701049804684,2169.333949584961,122329248.0,134548784.0,0.9999999658922654,0.4757281541824341,2481.486572265625,0.13693834841251373,2481.349609375,11.252574920654297,0.7415969967842102,
18itdjja,eeg_jepa_bs64_lr0.0005_std0.25_cov0.25_nw2_ws1s,2026-04-04T23:01:35Z,finished,,2,1,64,vc,0.25,0.25,,smooth_l1,2,64,50,2,0.0005,100,5,True,sweep_phase1,,-0.018490832298994064,0.0040724375285208225,,8.378088283538819,65923.390625,3870.54833984375,222628.578125,45432.97265625,991.283447265625,0.012041840702295303,0.9041540026664734,-95.38603393554672,1710.5301727294925,21936872.0,24418574.0,0.9999998534619152,0.3883495330810547,1549.1922607421875,0.1487804502248764,1549.04345703125,25.749801635742188,0.8190325498580933,
l1phfggy,eeg_jepa_bs64_lr0.0005_std0.25_cov0.25_nw1_ws4s,2026-04-04T23:01:02Z,finished,,1,4,64,vc,0.25,0.25,,smooth_l1,2,64,50,2,0.0005,100,5,True,sweep_phase1,,0.06208270415663719,0.061063747853040695,,40.44988641738892,137665.09375,8665.9453125,733391.4375,149181.390625,1161.53759765625,0.036945492029190063,0.908986747264862,14.219741210937627,2017.639453125,31147216.0,20459166.0,0.9999991392500494,0.582524299621582,1745.127685546875,0.13975238800048828,1744.9879150390625,31.989240646362305,0.7886252999305725,
k03ciues,eeg_jepa_bs64_lr0.0005_std0.25_cov0.25_nw1_ws4s,2026-04-04T23:01:02Z,finished,,1,4,64,vc,0.25,0.25,,smooth_l1,2,64,50,2,0.0005,100,5,True,sweep_phase1,,0.012167965061962605,0.06857741624116898,,29.676903343200685,58785.0078125,3115.03857421875,282373.875,53229.5625,985.6668701171876,0.03874509036540985,0.9625176787376404,-141.1926110839845,2108.1711041259764,16982910.0,18786346.0,0.08281101463046472,0.5145630836486816,2421.765380859375,0.1437152624130249,2421.62158203125,36.38640594482422,0.9454012513160706,
7cef4yad,eeg_jepa_bs64_lr0.0005_std0.25_cov0.25_nw1_ws2s,2026-04-04T23:01:00Z,finished,,1,2,64,vc,0.25,0.25,,smooth_l1,2,64,50,2,0.0005,100,5,True,sweep_phase1,,-0.09025150537490843,-0.1811350584030151,,17.144679737091064,57802400.0,516134.1875,279903456.0,64174140.0,9659.75,0.011688899248838425,0.9242397546768188,9.21593750000011,1708.9940380859375,42596168.0,30192746.0,0.9999999755106296,0.49514564871788025,2645.18212890625,0.14181526005268097,2645.040283203125,16.71668815612793,0.7748304009437561,
52w4jf3x,eeg_jepa_bs64_lr0.0005_std0.25_cov0.25_nw1_ws2s,2026-04-04T23:01:00Z,finished,,1,2,64,vc,0.25,0.25,,smooth_l1,2,64,50,2,0.0005,100,5,True,sweep_phase1,,0.012114183977246284,-0.020358337089419365,,5.7698883533477785,548719.875,12026.0751953125,2694768.75,617274.125,1939.99658203125,-0.03240961581468582,0.8850083351135254,28.334064941406268,1656.9624047851562,96084880.0,106631592.0,0.999999932621564,0.4660194218158722,2899.716796875,0.1491033285856247,2899.567626953125,102.95196533203124,0.6958256363868713,
qpwo95y9,eeg_jepa_bs64_lr0.0005_std0.25_cov0.25_nw1_ws2s,2026-04-04T23:00:57Z,finished,,1,2,64,vc,0.25,0.25,,smooth_l1,2,64,50,2,0.0005,100,5,True,sweep_phase1,,-0.04279117286205292,-0.13958962261676788,,17.349954891204835,84577.2109375,10752.0537109375,227617.125,55499.703125,1129.43701171875,0.08878232538700104,0.8653746843338013,5.721186523437382,1627.7825354003903,14979096.0,22209774.0,0.9999999021541908,0.485436886548996,1499.795654296875,0.14835193753242493,1499.6473388671875,53.05636215209961,0.8871750831604004,
2fwoxntb,eeg_jepa_bs64_lr0.0005_std0.25_cov0.25_nw1_ws1s,2026-04-04T23:00:57Z,finished,,1,1,64,vc,0.25,0.25,,smooth_l1,2,64,50,2,0.0005,100,5,True,sweep_phase1,,-0.05089651793241501,-0.08667447417974472,,19.651351356506343,262975920.0,353555.5,1244796288.0,289868000.0,19531.32421875,0.1347408890724182,0.8905227780342102,-49.03631225585923,1716.4613189697266,320255040.0,261483632.0,1.000000002853068,0.4466019570827484,1606.3592529296875,0.14900356531143188,1606.210205078125,21.821523666381836,0.804741382598877,
wnhqsb6r,eeg_jepa_bs64_lr0.0005_std0.25_cov0.25,2026-04-04T23:00:56Z,finished,,1,1,64,vc,0.25,0.25,,smooth_l1,2,64,50,2,0.0005,100,5,True,sweep_phase1,,0.03333235904574394,0.04511966183781624,,21.91404514312744,363791.0625,28582.369140625,1146164.25,258258.78125,2537.95849609375,0.10617828369140624,0.9499126076698304,-29.13225463867184,1648.4789031982425,9712012.0,16261791.0,0.9999999863125104,0.4563106894493103,2524.463134765625,0.1575613021850586,2524.3056640625,43.6295280456543,1.207775354385376,
46axpaq7,eeg_jepa_bs64_lr0.0005_std0.25_cov0.25_nw1_ws1s,2026-04-04T23:00:56Z,finished,,1,1,64,vc,0.25,0.25,,smooth_l1,2,64,50,2,0.0005,100,5,True,sweep_phase1,,-0.08303859829902649,0.029580216854810715,,28.26082181930542,333059.46875,80858.0234375,1066836.5,232816.75,2365.16357421875,0.06523141264915466,0.9280062913894652,-71.58442871093757,1690.782481689453,10312723.0,14516122.0,0.9999999273775384,0.43689319491386414,1504.2205810546875,0.15501704812049866,1504.0655517578125,34.394351959228516,1.0836589336395264,
0bs5q328,eeg_jepa_bs64_lr0.0005_std0.25_cov0.25,2026-04-04T18:45:27Z,finished,,4,2,64,vc,0.25,0.25,,smooth_l1,2,64,50,2,0.0005,100,5,True,delta_test,,0.029532987624406815,0.016901813447475433,,0.923978853225708,1.727185606956482,0.002233096631243825,14.704096794128418,2.4486420154571533,23.430192947387695,0.9416776299476624,1.0,0.005869086682796482,0.17933415219187737,2.528489112854004,2.242365598678589,0.07944330777275967,0.4757281541824341,0.3555211126804352,0.103215754032135,0.25230535864830017,0.8489424586296082,0.6916775107383728,
y7kcnact,eeg_jepa_bs128_lr0.0005_std0.25_cov0.25,2026-04-04T11:01:46Z,finished,,4,2,128,,0.25,0.25,,smooth_l1,2,64,50,2,0.0005,100,5,True,,,0.01906125433743,0.005549500696361065,,1.0851017236709597,0.5809047222137451,0.06826777756214142,3.542733907699585,0.5539037585258484,23.162914276123047,0.9646748304367064,0.9999980926513672,-0.0009806992113590152,0.0768883316218853,0.5885661840438843,0.7519087195396423,0.06461044048246929,0.485436886548996,0.17370785772800446,0.10803582519292831,0.06567203253507614,0.6804988980293274,0.6924838423728943,
mvya17iv,eeg_jepa_bs64_lr0.0005_std0.25_cov0.25,2026-04-03T23:27:29Z,finished,,4,2,64,,0.25,0.25,,mse,2,64,50,2,0.0005,100,5,True,,,-0.03856649994850159,0.08283492922782898,,0.923286348581314,1.0354382991790771,0.016047481447458267,8.403764724731445,1.3859727382659912,19.25226593017578,0.8652175664901733,0.9999993443489076,-0.025582357347011753,1.4185190169513229,1.452728033065796,1.4177144765853882,0.3441031558802811,0.6407766938209534,1.5619561672210691,0.11795634031295776,1.4439997673034668,0.8698443174362183,0.6872786283493042,
4avqbzd7,eeg_jepa_bs64_lr0.0005_std0.25_cov0.25,2026-04-03T21:55:20Z,finished,,4,2,64,,0.25,0.25,,smooth_l1,2,64,50,2,0.0005,200,5,True,,,0.1717285513877869,0.25655320286750793,,0.9236432313919068,0.7172871828079224,0.1531820148229599,2.89507794380188,0.5787758827209473,13.107688903808594,0.8812501430511475,0.99999338388443,0.04190979465842243,0.3371334431320429,12.547460556030272,8.283517837524414,0.3265300848978633,0.6213592290878296,0.39829814434051514,0.10260054469108582,0.2956975996494293,0.5717413425445557,0.6873980760574341,
3i4b262d,eeg_jepa_bs64_lr0.001_std0.25_cov0.25,2026-04-03T21:08:54Z,finished,,4,2,64,,0.25,0.25,,smooth_l1,2,64,50,2,0.001,100,5,True,,,0.006572279613465071,0.10176906734704971,,0.9185191690921783,5.772214889526367,0.22043555974960327,44.00209045410156,7.367673397064209,22.56968688964844,0.750403642654419,0.9999995231628418,0.00534442551434039,0.3175521108135581,8.794692039489746,7.535096168518066,0.14395822213578213,0.6310679912567139,0.5413798689842224,0.10489937663078308,0.4364804923534394,0.8757801651954651,0.686259388923645,
5zzo35ta,eeg_jepa_bs64_lr0.0005_std0.25_cov0.25,2026-04-03T11:33:38Z,finished,,4,2,64,,0.25,0.25,,smooth_l1,2,64,50,2,0.0005,100,5,True,,,0.09930706769227982,0.25186067819595337,,0.7058733701705933,1.0123052597045898,0.06018902733922005,3.305605888366699,0.7607222199440002,16.19521713256836,0.876563549041748,0.9999969005584716,0.01437657654285432,0.15469251528382302,1.4254436492919922,1.5362086296081543,0.1217866651518764,0.5631067752838135,0.16647498309612274,0.10392697155475616,0.06254801154136658,0.5669905543327332,0.6950123906135559,
6px0c74s,eeg_jepa_bs64_lr0.0005_std0.25_cov0.25,2026-04-02T19:16:18Z,finished,,4,2,64,,0.25,0.25,,smooth_l1,4,64,50,2,0.0005,100,5,True,,,0.12685617804527283,0.1615545153617859,,1.0072786509990692,0.10772331804037094,0.0028781509026885033,0.594795823097229,0.12584364414215088,14.34128189086914,0.968388020992279,0.9999921917915344,0.005717313662171347,0.16846287202090024,2.012726068496704,2.1781797409057617,0.20465769994594743,0.6116504669189453,0.1447504162788391,0.10068679600954056,0.04406362026929855,1.1040887832641602,0.6916536688804626,
td3cdx79,eeg_jepa_bs64_lr0.0005_std0.1_cov0.1,2026-04-02T18:04:22Z,finished,,4,2,64,,0.1,0.1,,smooth_l1,2,64,50,2,0.0005,100,5,True,,,-0.03091785684227943,0.07960459589958191,,0.9227628111839294,1.7296278476715088,0.08764652907848358,14.575345993041992,2.15912127494812,13.256540298461914,0.775700569152832,0.9999983310699464,0.0013715647906064887,0.1909630123898387,2.446723222732544,2.2961678504943848,0.09201725810122896,0.6213592290878296,0.29004862904548645,0.044177938252687454,0.2458706945180893,0.8707948923110962,0.6855313777923584,
t8f8iuf3,eeg_jepa_bs64_lr0.0005_std0.25_cov0.25,2026-04-02T16:28:05Z,finished,,4,2,64,,0.25,0.25,,smooth_l1,2,64,50,2,0.0005,100,5,True,,,0.019391899928450584,0.1125948503613472,,0.91768679022789,0.9839649200439452,0.033242352306842804,6.62436056137085,1.1403428316116333,14.290379524230955,0.8527873754501343,0.999999463558197,0.0009819123893976267,0.16853904243558646,2.1512465476989746,1.9661463499069216,0.11842102246394576,0.6407766938209534,0.3102922737598419,0.10440179705619812,0.2058904767036438,0.8772541284561157,0.6883714199066162,
f3qu8boe,eeg_jepa_bs64_lr0.001_std0.5_cov0.5,2026-04-02T15:15:18Z,finished,,4,2,64,,0.5,0.5,,smooth_l1,2,64,50,2,0.001,100,5,True,,,-0.001984085887670517,0.07819623500108719,,0.9205214083194732,3.0225677490234375,0.18998850882053375,17.15410804748535,3.1603267192840576,26.620954513549805,0.8316531777381897,0.9999997615814208,0.004815039485693007,0.2902228655666113,7.605380058288574,6.5942182540893555,0.19201019911625036,0.6019417643547058,0.6726289987564087,0.20782838761806488,0.464800626039505,0.8775298595428467,0.6883734464645386,
6urzjyny,eeg_jepa_bs64_lr0.0005_std0.5_cov0.5,2026-04-02T11:36:43Z,finished,,4,2,64,,0.5,0.5,,smooth_l1,2,64,50,2,0.0005,100,5,True,,,0.05654933676123619,0.13793182373046875,,0.9161678552627563,1.0974422693252563,0.017041228711605072,7.352804660797119,1.3280912637710571,22.096508026123047,0.8941069841384888,0.9999997615814208,0.0006179244071245205,0.16066868554800748,2.1905150413513184,1.9336656332015991,0.26311313142224935,0.6116504669189453,0.4047282934188843,0.20580388605594635,0.19892439246177673,0.8800012469291687,0.6889645457267761,
0cat441w,eeg_jepa_bs64_lr0.0005_sigreg0.01,2026-04-02T03:48:40Z,finished,,4,2,64,sigreg,1.0,1.0,,smooth_l1,2,64,50,2,0.0005,100,5,True,,,0.07415371388196945,0.10530867427587508,,0.6756002306938171,2.893345832824707,0.26168274879455566,12.722922325134276,2.3864293098449707,9.233102798461914,0.04804805666208267,0.9998618960380554,0.015149551630020144,0.12412751995027066,0.5514780879020691,0.5403178334236145,0.2590431476840343,0.485436886548996,0.1429927945137024,0.0019789435900747776,0.14101384580135343,0.6725684404373169,0.6919043660163879,
5vjyyi7z,eeg_jepa_bs64_lr0.0005_sigreg0.1,2026-04-02T02:55:26Z,finished,,4,2,64,sigreg,1.0,1.0,,smooth_l1,2,64,50,2,0.0005,100,5,True,,,0.07392860949039459,0.1629872769117355,,0.6737905442714691,3.982481241226196,0.8321957588195801,11.937244415283203,2.3690693378448486,10.917465209960938,-0.002631835639476776,0.9887232780456544,0.022533060088753692,0.220578886680305,1.2074062824249268,1.1376042366027832,0.299135321278743,0.42718446254730225,0.2740388512611389,0.01371945720165968,0.26031938195228577,0.672911524772644,0.6904433965682983,
n1pcoark,eeg_jepa_bs64_lr0.0005_sigreg0.1,2026-04-02T01:36:58Z,finished,,4,2,64,sigreg,1.0,1.0,,smooth_l1,2,64,50,2,0.0005,100,5,True,,,0.07392848283052444,0.16298730671405792,,0.6737905144691467,3.9824814796447754,0.8321961164474487,11.937244415283203,2.3690693378448486,10.917465209960938,-0.002631841227412224,0.9887231588363647,0.022533058971166583,0.22057888843119144,1.2074062824249268,1.1376042366027832,0.2991352654967662,0.42718446254730225,0.2740388512611389,0.01371945720165968,0.26031938195228577,0.672911524772644,0.6904250383377075,
v6fqtt6n,eeg_jepa_bs64_lr0.001_std0_cov0,2026-04-01T11:36:27Z,finished,,4,2,64,,0.0,0.0,,smooth_l1,2,64,50,2,0.001,100,5,True,,,0.045157067477703094,0.09436849504709244,,0.6762321591377258,0.8680092096328735,0.018813880160450935,3.295143365859986,0.7569864392280579,21.176433563232425,0.9078329801559448,1.0,0.01098297569900751,0.07054136736318468,0.311311274766922,0.3778195381164551,0.06254331070534754,0.49514564871788025,0.07162804901599884,0.0,0.07162804901599884,0.6715161204338074,0.6939085721969604,
dpw6f8vj,eeg_jepa_bs64_lr0.0005_std0_cov0,2026-04-01T10:41:40Z,finished,,4,2,64,,0.0,0.0,,smooth_l1,2,64,50,2,0.0005,100,5,True,,,0.04187516123056412,0.09557098150253296,,0.6760903000831604,0.8045355081558228,0.059028010815382,4.1174750328063965,0.7197766900062561,17.849485397338867,0.8848247528076172,0.9999999403953552,0.011744581069797267,0.07064861197955906,0.30664628744125366,0.34021174907684326,0.07465286076171153,0.4757281541824341,0.0661359652876854,0.0,0.0661359652876854,0.6721672415733337,0.6936205625534058,
3wqdh95m,eeg_jepa_bs64_lr0.0005_std0_cov0,2026-04-01T04:04:24Z,finished,,4,2,64,,0.0,0.0,,mse,2,64,50,2,0.0005,100,5,True,,,0.002552981721237302,0.08407696336507797,,0.6763063669204712,0.7568573355674744,0.008804394863545895,2.369476318359375,0.6087719202041626,23.889507293701172,0.9071662425994872,1.0,0.03003363750874996,0.23248273249715568,0.1830042153596878,0.21964673697948456,0.19992851843060944,0.4757281541824341,0.21028803288936615,0.0,0.21028803288936615,0.6725403070449829,0.6936443448066711,
bbjznfgl,eeg_jepa_bs64_lr0.0005_std1.0_cov1.0,2026-04-01T03:16:42Z,finished,,4,2,64,,1.0,1.0,,,2,64,50,2,0.0005,100,5,True,,,0.019610626623034477,0.09803155809640884,,0.9197368621826172,0.9821397066116332,0.007885998114943504,6.649355888366699,1.2031257152557373,22.948055267333984,0.9198183417320251,0.9999997615814208,0.2833154565095901,2.5304758855700493,1.895954966545105,1.6828911304473877,0.999999086177696,0.5728155374526978,2.899863004684448,0.41658928990364075,2.48327374458313,0.8805322647094727,0.6893473267555237,
9obn1e50,eeg_jepa_bs64_lr0.0005_std1.0_cov1.0,2026-03-31T18:51:34Z,finished,,4,2,64,,1.0,1.0,,,2,64,50,2,0.0005,100,5,True,,,0.017247136682271957,0.09878038614988328,,0.919242650270462,1.0704550743103027,0.04410085082054138,7.157107353210449,1.2735016345977783,22.60494613647461,0.9099451303482056,0.9999998807907104,-0.008165410757064784,2.114370123744011,1.97055983543396,1.8184088468551636,0.5222836907455738,0.6019417643547058,2.2294774055480957,0.42057058215141296,1.80890691280365,0.8789427876472473,0.688207745552063,
